,name,mAP
0,0-0,68.74730479290976
1,0-1,68.72349735224795
2,0-2,68.6955259225945
3,0-3,68.38081529747555
4,0-4,68.36895101359602
5,0-5,68.3360866137418
6,0-6,68.38943901944724
7,0-7,68.32885642837977
8,0-8,68.31714749702785
9,0-9,68.25266190029018
10,0-10,68.2942636515332
11,0-11,68.23828272353268
12,0-12,68.21584690861744
13,0-13,68.24221875900515
14,0-14,68.25249021419545
15,0-15,68.26791079717182
16,0-16,68.26118506240017
17,0-17,68.26654124169472
18,0-18,68.27663316948187
19,0-19,68.23341543964258
20,0-20,68.17729505942319
21,0-21,68.20140216120862
22,0-22,68.1974276244455
23,0-23,68.12793285692756
24,0-24,68.07945890020405
25,0-25,67.78322120706576
26,0-26,67.77642142412039
27,0-27,67.80596186423983
28,0-28,67.69983767357124
29,0-29,67.74383919170381
30,0-30,67.66866965124572
31,0-31,67.65661425579643
32,0-32,67.61676568325214
33,0-33,67.5861214186723
34,0-34,67.53999721297811
35,0-35,67.50564655340551
36,0-36,67.51291747544089
37,0-37,67.49328042325364
38,0-38,67.37014732916464
39,0-39,67.32028885610393
40,0-40,67.08891657837822
41,0-41,67.01941817666878
42,0-42,66.77487040094941
43,0-43,66.67220627242244
44,0-44,66.54450671881814
45,0-45,65.9235084841717
46,0-46,65.74362591241112
47,0-47,65.42457610125922
48,0-48,65.39371925140294
49,0-49,65.26749295187788
50,0-50,65.06649399227302
51,0-51,65.06986432162132
52,0-52,65.04750022765838
53,0-53,65.04503515224441
54,0-54,65.07299110645042
55,0-55,65.0637485353734
56,0-56,65.05034156828926
57,0-57,65.04757338703644
58,0-58,64.95982210860261
59,0-59,64.98229399855454
60,0-60,65.10174815911046
61,0-61,64.98802351632781
62,0-62,65.00817282984849
63,0-63,64.98093314458717
64,0-64,64.94178637378944
65,0-65,64.92769024626655
66,0-66,64.81624005809154
67,0-67,64.7763971384445
68,0-68,64.77156707885547
69,0-69,64.77997686757423
70,0-70,64.74354369956124
71,0-71,64.72306548192329
72,0-72,64.69359119890312
73,0-73,64.70957197866078
74,0-74,64.70957197866078
75,1-1,68.69116740861597
76,1-2,68.69644718673571
77,1-3,68.49786789460262
78,1-4,68.50434897430054
79,1-5,68.44974360356078
80,1-6,68.41394071305518
81,1-7,68.35697962260309
82,1-8,68.40391647822473
83,1-9,68.41791279904136
84,1-10,68.44227695923799
85,1-11,68.36057391367989
86,1-12,68.35489819345091
87,1-13,68.41413076755546
88,1-14,68.45064216236499
89,1-15,68.47381242854146
90,1-16,68.4758336685432
91,1-17,68.37891212823318
92,1-18,68.35146000327923
93,1-19,68.37965938010632
94,1-20,68.34857937964071
95,1-21,68.34804547673772
96,1-22,68.32507459724941
97,1-23,68.2155588105635
98,1-24,68.16544870732739
99,1-25,67.79048810482875
100,1-26,67.847251221599
101,1-27,67.79873022501258
102,1-28,67.76712803912501
103,1-29,67.7512048633827
104,1-30,67.66692576732959
105,1-31,67.66648108463681
106,1-32,67.67107190526076
107,1-33,67.6791603886252
108,1-34,67.5882232760667
109,1-35,67.53799309672809
110,1-36,67.55767942735919
111,1-37,67.52228433206551
112,1-38,67.30455466262583
113,1-39,67.28270293157416
114,1-40,67.11295014880034
115,1-41,67.03357747513408
116,1-42,66.92578995231239
117,1-43,66.74298467999921
118,1-44,66.72635960428453
119,1-45,65.91750848884205
120,1-46,65.75385615136376
121,1-47,65.466535075474
122,1-48,65.43401527128478
123,1-49,65.37841421731468
124,1-50,65.20470307495904
125,1-51,65.25590521121501
126,1-52,65.24025428910261
127,1-53,65.26288586947979
128,1-54,65.33074982487503
129,1-55,65.40445847916291
130,1-56,65.34974192438658
131,1-57,65.39568713936802
132,1-58,65.28782423080644
133,1-59,65.27413536488777
134,1-60,65.31875472102817
135,1-61,65.27553899241273
136,1-62,65.23204876599684
137,1-63,65.18458350992069
138,1-64,65.17397492549162
139,1-65,65.15061876126795
140,1-66,65.04376380805653
141,1-67,65.02662198317465
142,1-68,65.05703568706392
143,1-69,65.00908428596608
144,1-70,65.01964187394353
145,1-71,64.99864241480843
146,1-72,64.97760951517175
147,1-73,64.83166440265633
148,1-74,64.83166440265633
149,2-2,68.84627041410191
150,2-3,68.4896805219911
151,2-4,68.52504998644854
152,2-5,68.51589761532193
153,2-6,68.57778525412238
154,2-7,68.57513523306048
155,2-8,68.4667600159591
156,2-9,68.65479172954521
157,2-10,68.53730547891132
158,2-11,68.57208151319055
159,2-12,68.42516456771934
160,2-13,68.4895690514932
161,2-14,68.43978411276017
162,2-15,68.45679274476653
163,2-16,68.41743696480857
164,2-17,68.47793050929617
165,2-18,68.44857853571217
166,2-19,68.41157484749074
167,2-20,68.5009573894506
168,2-21,68.3461362638702
169,2-22,68.36317795526915
170,2-23,68.20501064876174
171,2-24,68.07059273634428
172,2-25,67.95774297790072
173,2-26,67.9359820004707
174,2-27,67.97197499165206
175,2-28,67.84746961382129
176,2-29,67.85405135885922
177,2-30,67.7244112069483
178,2-31,67.83746672627878
179,2-32,67.85005461901181
180,2-33,67.83522872352042
181,2-34,67.80405565472968
182,2-35,67.8282125317416
183,2-36,67.79095495716295
184,2-37,67.7364292994152
185,2-38,67.63192756772523
186,2-39,67.61871264679573
187,2-40,67.42441164174535
188,2-41,67.4153995793626
189,2-42,67.16200154405527
190,2-43,66.96975748767562
191,2-44,66.8538454237426
192,2-45,66.13881115013297
193,2-46,66.03802604814813
194,2-47,65.72469083379893
195,2-48,65.71454218416949
196,2-49,65.6867405474551
197,2-50,65.45285308450272
198,2-51,65.457130792875
199,2-52,65.43235344506431
200,2-53,65.44385120606985
201,2-54,65.42325763801375
202,2-55,65.47036648848972
203,2-56,65.50196064033432
204,2-57,65.49453038351652
205,2-58,65.36519736321078
206,2-59,65.45871212705741
207,2-60,65.44185918875091
208,2-61,65.43006024690428
209,2-62,65.36326180962665
210,2-63,65.32644656904377
211,2-64,65.33817336842404
212,2-65,65.40840202196571
213,2-66,65.25650170580693
214,2-67,65.20040255585248
215,2-68,65.21370011861988
216,2-69,65.17957519913944
217,2-70,65.22366121324029
218,2-71,65.14907366251381
219,2-72,65.1219618864179
220,2-73,65.10673244657418
221,2-74,65.10673244657418
222,3-3,68.46867834686934
223,3-4,68.51478536594226
224,3-5,68.5544464881004
225,3-6,68.51344764692304
226,3-7,68.5075606945356
227,3-8,68.4378628442546
228,3-9,68.38583132643885
229,3-10,68.40049970915267
230,3-11,68.59174002672421
231,3-12,68.4672461324541
232,3-13,68.45591350466036
233,3-14,68.46684066447744
234,3-15,68.44751703022574
235,3-16,68.46923432299577
236,3-17,68.40931655375992
237,3-18,68.40989463317672
238,3-19,68.39278797371321
239,3-20,68.37338355908484
240,3-21,68.29889060045164
241,3-22,68.24097237515046
242,3-23,68.1247535559098
243,3-24,68.28172266024036
244,3-25,67.97293727927224
245,3-26,67.95086820459606
246,3-27,67.94772910470554
247,3-28,67.77752725281226
248,3-29,67.81714482260031
249,3-30,67.75277519957805
250,3-31,67.77068758670903
251,3-32,67.7840940688983
252,3-33,67.72487540466003
253,3-34,67.67285670802028
254,3-35,67.6612375265946
255,3-36,67.66769596593487
256,3-37,67.69680164724271
257,3-38,67.62914412974285
258,3-39,67.58805829978891
259,3-40,67.40496433199206
260,3-41,67.30329488367069
261,3-42,67.16668830147023
262,3-43,66.90908408183965
263,3-44,66.91095889433481
264,3-45,66.14867988101393
265,3-46,66.0748775820174
266,3-47,65.64115124435082
267,3-48,65.69130082293255
268,3-49,65.62450484469795
269,3-50,65.52600917307208
270,3-51,65.53826888654753
271,3-52,65.54318602946599
272,3-53,65.54740272493487
273,3-54,65.68627671814295
274,3-55,65.64175765528685
275,3-56,65.64614971489551
276,3-57,65.66512620413057
277,3-58,65.61394301675311
278,3-59,65.55518205038797
279,3-60,65.6135616287651
280,3-61,65.61008100503321
281,3-62,65.60258629958791
282,3-63,65.60734962982384
283,3-64,65.64887249447892
284,3-65,65.58260903169088
285,3-66,65.45536252375747
286,3-67,65.40725388283202
287,3-68,65.43338017484584
288,3-69,65.41023136963838
289,3-70,65.36839337657428
290,3-71,65.30676556466342
291,3-72,65.29749578670628
292,3-73,65.20486631032281
293,3-74,65.20486631032281
294,4-4,68.7910602669713
295,4-5,68.78323493728506
296,4-6,68.61009184875698
297,4-7,68.59711008857117
298,4-8,68.5371129856345
299,4-9,68.5942596979782
300,4-10,68.6213281930687
301,4-11,68.59606039599846
302,4-12,68.59041912851846
303,4-13,68.58906380746085
304,4-14,68.60120785803247
305,4-15,68.5943598512927
306,4-16,68.61302867118202
307,4-17,68.48465990390393
308,4-18,68.53289867450391
309,4-19,68.53966138765588
310,4-20,68.50136670555888
311,4-21,68.45839862667812
312,4-22,68.44625672495987
313,4-23,68.29287517254909
314,4-24,68.29090618615345
315,4-25,67.95389279835689
316,4-26,67.98230541978202
317,4-27,67.96732049912846
318,4-28,67.95165941468795
319,4-29,67.95581531778538
320,4-30,67.8944850364278
321,4-31,67.89210614652754
322,4-32,67.84624675801136
323,4-33,67.86807345093997
324,4-34,67.86847077983637
325,4-35,67.86531957845386
326,4-36,67.82832428471386
327,4-37,67.83884776620374
328,4-38,67.71261633140473
329,4-39,67.65203250850986
330,4-40,67.46811539450621
331,4-41,67.46012207393979
332,4-42,67.28533006323065
333,4-43,67.04287092735693
334,4-44,67.01708822568266
335,4-45,66.1447980726114
336,4-46,66.03047409169041
337,4-47,65.68027716127605
338,4-48,65.66970129693703
339,4-49,65.53279498114537
340,4-50,65.40520301795395
341,4-51,65.38573679028097
342,4-52,65.33690864680236
343,4-53,65.359582949893
344,4-54,65.41869888039837
345,4-55,65.46576965851226
346,4-56,65.42081623909601
347,4-57,65.42763161048735
348,4-58,65.41746710630154
349,4-59,65.4351685626286
350,4-60,65.4047508364909
351,4-61,65.37769622768866
352,4-62,65.39963748562113
353,4-63,65.40720252385348
354,4-64,65.28680452976874
355,4-65,65.29000849626159
356,4-66,65.11616312752597
357,4-67,65.13491146531341
358,4-68,65.12700991296893
359,4-69,65.07177974879237
360,4-70,65.0804504997528
361,4-71,65.01952478749644
362,4-72,65.04343393041006
363,4-73,65.00349845242962
364,4-74,65.00349845242962
365,5-5,68.71784485868955
366,5-6,68.63760985715173
367,5-7,68.54721341840408
368,5-8,68.53866023252587
369,5-9,68.5808583240947
370,5-10,68.5764586146334
371,5-11,68.49015117743956
372,5-12,68.40623095603577
373,5-13,68.55832964426754
374,5-14,68.45850372062607
375,5-15,68.54300865649446
376,5-16,68.49983775968933
377,5-17,68.5252817984272
378,5-18,68.59126917090721
379,5-19,68.46870932207831
380,5-20,68.50403168040522
381,5-21,68.42870668748527
382,5-22,68.47124147940353
383,5-23,68.38877586289145
384,5-24,68.29575696629018
385,5-25,67.8968431905743
386,5-26,67.90593807473986
387,5-27,67.89656987705261
388,5-28,67.85988933735602
389,5-29,67.88778413607336
390,5-30,67.87731656712165
391,5-31,67.90627574128993
392,5-32,67.90840375437332
393,5-33,67.88005716425513
394,5-34,67.82977216830378
395,5-35,67.80031690596668
396,5-36,67.83175125503958
397,5-37,67.76625597360723
398,5-38,67.68688142550151
399,5-39,67.65634869135408
400,5-40,67.44463162206823
401,5-41,67.46369087287485
402,5-42,67.27262012805323
403,5-43,67.04149268426346
404,5-44,66.92446874874733
405,5-45,66.18291626718909
406,5-46,66.06031052340568
407,5-47,65.84601260666273
408,5-48,65.82319625515211
409,5-49,65.71269040363154
410,5-50,65.593830226631
411,5-51,65.56892398340584
412,5-52,65.55397698316364
413,5-53,65.58209716224617
414,5-54,65.60412191692795
415,5-55,65.61263870764465
416,5-56,65.55623510277628
417,5-57,65.55857887684462
418,5-58,65.49578211466897
419,5-59,65.44513009184611
420,5-60,65.47222060512267
421,5-61,65.55620551465495
422,5-62,65.48194132760715
423,5-63,65.44160070969741
424,5-64,65.38790130050263
425,5-65,65.41109691759769
426,5-66,65.26743457094763
427,5-67,65.25361075014385
428,5-68,65.2407709894311
429,5-69,65.23453244933634
430,5-70,65.20257330402445
431,5-71,65.17260822888763
432,5-72,65.13466257780662
433,5-73,65.08834211308258
434,5-74,65.08834211308258
435,6-6,68.67422431783993
436,6-7,68.58340777634247
437,6-8,68.59420032517023
438,6-9,68.597000827281
439,6-10,68.59147500822995
440,6-11,68.58572860665181
441,6-12,68.5755496617788
442,6-13,68.54723343852092
443,6-14,68.58567147574483
444,6-15,68.56354740673216
445,6-16,68.5818321324267
446,6-17,68.53743268431792
447,6-18,68.50534064732045
448,6-19,68.47781445604127
449,6-20,68.48052372241669
450,6-21,68.38416108239635
451,6-22,68.2850094345153
452,6-23,68.18652527729505
453,6-24,68.17274787740958
454,6-25,67.90502670014178
455,6-26,67.91687068358459
456,6-27,67.94001452300421
457,6-28,67.77628951791512
458,6-29,67.73192781414168
459,6-30,67.68142330947009
460,6-31,67.72148910106071
461,6-32,67.80389522976905
462,6-33,67.76022111187663
463,6-34,67.70230489488527
464,6-35,67.665256933851
465,6-36,67.63777157815622
466,6-37,67.67987402057136
467,6-38,67.60853021684548
468,6-39,67.58218721999289
469,6-40,67.31408879192597
470,6-41,67.32154804623003
471,6-42,67.03222839573179
472,6-43,66.8432498956621
473,6-44,66.73028524460258
474,6-45,66.09413193708463
475,6-46,65.93111546376768
476,6-47,65.63420854863826
477,6-48,65.62206834700258
478,6-49,65.62452407389993
479,6-50,65.39750121437056
480,6-51,65.41765141776142
481,6-52,65.3806101126939
482,6-53,65.42104279611868
483,6-54,65.41756663402849
484,6-55,65.48079691454403
485,6-56,65.42875311835886
486,6-57,65.44574785994016
487,6-58,65.40784830258882
488,6-59,65.44869443773443
489,6-60,65.51650509359222
490,6-61,65.5103465897219
491,6-62,65.45222652944074
492,6-63,65.41389161186457
493,6-64,65.40893088224409
494,6-65,65.42376849049442
495,6-66,65.33585031962411
496,6-67,65.33403406829834
497,6-68,65.35235772785822
498,6-69,65.32198083179178
499,6-70,65.3115588059949
500,6-71,65.31825476833365
501,6-72,65.28454931932754
502,6-73,65.1596857075561
503,6-74,65.1596857075561
504,7-7,68.82202721525361
505,7-8,68.77447090990667
506,7-9,68.66863718135207
507,7-10,68.6092798810438
508,7-11,68.7323444437556
509,7-12,68.69163846985226
510,7-13,68.71413017082023
511,7-14,68.7407775260201
512,7-15,68.73128283218652
513,7-16,68.76136951241418
514,7-17,68.65725972239197
515,7-18,68.60499866299176
516,7-19,68.59678213779034
517,7-20,68.67912409115944
518,7-21,68.61025869560278
519,7-22,68.60134382110591
520,7-23,68.59182588262665
521,7-24,68.49648347038027
522,7-25,68.19239678902775
523,7-26,68.20722545702662
524,7-27,68.23439924614037
525,7-28,68.1369835876766
526,7-29,68.09652584182234
527,7-30,67.99485105329846
528,7-31,68.07318893645828
529,7-32,68.11293316659204
530,7-33,68.14068791981241
531,7-34,68.08066659584743
532,7-35,68.01199990982502
533,7-36,67.96902003644414
534,7-37,67.87991401743294
535,7-38,67.80275262270864
536,7-39,67.77139535835472
537,7-40,67.60407317147724
538,7-41,67.55431900397438
539,7-42,67.33754845448439
540,7-43,67.15480512636968
541,7-44,67.05414240603893
542,7-45,66.22452912093894
543,7-46,66.04507777399493
544,7-47,65.66666983003657
545,7-48,65.70387192323417
546,7-49,65.60695534741961
547,7-50,65.61531054129865
548,7-51,65.61353013243496
549,7-52,65.6141275149406
550,7-53,65.58270394238167
551,7-54,65.63202689908888
552,7-55,65.60307857239833
553,7-56,65.63757446443206
554,7-57,65.61139748711126
555,7-58,65.63428662802572
556,7-59,65.61968406671231
557,7-60,65.64171811562203
558,7-61,65.6031969201855
559,7-62,65.46469630682527
560,7-63,65.48386221409021
561,7-64,65.60549053497657
562,7-65,65.59839779813686
563,7-66,65.43623422735925
564,7-67,65.41893510993455
565,7-68,65.42234330975057
566,7-69,65.4010912200899
567,7-70,65.40226668998321
568,7-71,65.35611126421578
569,7-72,65.35346200616672
570,7-73,65.30909841688712
571,7-74,65.30909841688712
572,8-8,68.69242042314741
573,8-9,68.61389318072257
574,8-10,68.60175038166479
575,8-11,68.62124472189498
576,8-12,68.60992588534873
577,8-13,68.66508176515296
578,8-14,68.69547078270668
579,8-15,68.64927369789885
580,8-16,68.65804262298512
581,8-17,68.67262023843222
582,8-18,68.62035492506148
583,8-19,68.61948456640297
584,8-20,68.60787849469038
585,8-21,68.58656955660605
586,8-22,68.62096511677132
587,8-23,68.44708722523637
588,8-24,68.33390991320906
589,8-25,68.10593917443408
590,8-26,68.07040567659975
591,8-27,68.07124373520725
592,8-28,67.98422241236138
593,8-29,67.99749393125923
594,8-30,67.82806942455588
595,8-31,67.8771869617974
596,8-32,67.92734505752438
597,8-33,67.88739597213434
598,8-34,67.88721258164298
599,8-35,67.7875401571207
600,8-36,67.76564798223056
601,8-37,67.73649283564423
602,8-38,67.68189757190643
603,8-39,67.62935907787491
604,8-40,67.44438000768554
605,8-41,67.42866703212866
606,8-42,67.2529012560386
607,8-43,67.0920774302329
608,8-44,66.9753311314307
609,8-45,66.18536285843915
610,8-46,66.14683372812503
611,8-47,65.67443404371377
612,8-48,65.67286173548568
613,8-49,65.62959882263948
614,8-50,65.52955089916755
615,8-51,65.58582353671561
616,8-52,65.55773161317215
617,8-53,65.59703670748863
618,8-54,65.59459349574914
619,8-55,65.62062072277989
620,8-56,65.62074277606003
621,8-57,65.65612130391868
622,8-58,65.53991931434128
623,8-59,65.47279346415827
624,8-60,65.42933448381545
625,8-61,65.38046576189612
626,8-62,65.4043642849339
627,8-63,65.39295258252393
628,8-64,65.40201118167211
629,8-65,65.44642313025285
630,8-66,65.36150521217688
631,8-67,65.36517142209853
632,8-68,65.35046989443406
633,8-69,65.30162367907796
634,8-70,65.2479202486647
635,8-71,65.24457937496884
636,8-72,65.25096824880652
637,8-73,65.20184621578113
638,8-74,65.20184621578113
639,9-9,68.65613996972826
640,9-10,68.63602844693746
641,9-11,68.66650338667054
642,9-12,68.59387904470496
643,9-13,68.68560967978506
644,9-14,68.60032515706217
645,9-15,68.7040323095495
646,9-16,68.65026870389373
647,9-17,68.56052648492582
648,9-18,68.5754496350775
649,9-19,68.58568017666032
650,9-20,68.62048592968712
651,9-21,68.54323136658333
652,9-22,68.52108745364157
653,9-23,68.43762033612289
654,9-24,68.52258143891666
655,9-25,68.1512131194139
656,9-26,68.11409865948825
657,9-27,68.14273745937626
658,9-28,68.07589847146417
659,9-29,68.03405155421306
660,9-30,67.91047592356072
661,9-31,67.925303820428
662,9-32,68.01588953745508
663,9-33,67.95635476881986
664,9-34,67.89025278968246
665,9-35,67.85656614292901
666,9-36,67.8246715992295
667,9-37,67.82069612431752
668,9-38,67.75026251838234
669,9-39,67.702259842694
670,9-40,67.48403642050775
671,9-41,67.3831508027319
672,9-42,67.2110162170079
673,9-43,67.04444614548648
674,9-44,66.96950273438343
675,9-45,66.09540343457732
676,9-46,65.94610944559662
677,9-47,65.57916568802439
678,9-48,65.66605798666006
679,9-49,65.63005355734394
680,9-50,65.55474957901538
681,9-51,65.49761318955638
682,9-52,65.44398000545473
683,9-53,65.47286180363446
684,9-54,65.43702684398608
685,9-55,65.53680507940608
686,9-56,65.51477495161544
687,9-57,65.56720872106038
688,9-58,65.4779064918535
689,9-59,65.48287226156569
690,9-60,65.44780027070416
691,9-61,65.51935052730697
692,9-62,65.42567919353728
693,9-63,65.4382865047783
694,9-64,65.36681307680274
695,9-65,65.36571867884737
696,9-66,65.19210219532494
697,9-67,65.17225126905927
698,9-68,65.2009230230376
699,9-69,65.1523532856662
700,9-70,65.14187823196617
701,9-71,65.14535573208423
702,9-72,65.140982090723
703,9-73,65.09902051344626
704,9-74,65.09902051344626
705,10-10,68.79223847001657
706,10-11,68.70990916968302
707,10-12,68.70853806685317
708,10-13,68.74203077625903
709,10-14,68.7281809073872
710,10-15,68.70591105758328
711,10-16,68.7485114434733
712,10-17,68.71790974159859
713,10-18,68.70839165435537
714,10-19,68.68416348992307
715,10-20,68.65145608487089
716,10-21,68.47183291263607
717,10-22,68.48417679482264
718,10-23,68.41877599976053
719,10-24,68.38189217478387
720,10-25,68.17232909686737
721,10-26,68.22823410740168
722,10-27,68.20015523026788
723,10-28,68.06359723853087
724,10-29,68.04484682475123
725,10-30,67.9313389647623
726,10-31,67.97294510567939
727,10-32,68.0212321613064
728,10-33,67.91371696832822
729,10-34,68.03135614820476
730,10-35,67.97175686149532
731,10-36,67.98582434738807
732,10-37,67.8982534240225
733,10-38,67.73838651467817
734,10-39,67.68621785423645
735,10-40,67.47085490346075
736,10-41,67.4778437012312
737,10-42,67.22739338590415
738,10-43,67.05189533714012
739,10-44,66.85517623222125
740,10-45,66.06712085595358
741,10-46,65.93314258141865
742,10-47,65.60713042579223
743,10-48,65.65552533864243
744,10-49,65.62539276658472
745,10-50,65.45114885901828
746,10-51,65.42220933696034
747,10-52,65.41554085071274
748,10-53,65.44732450440563
749,10-54,65.41801032284228
750,10-55,65.51613266060808
751,10-56,65.4479933966818
752,10-57,65.41012202610828
753,10-58,65.35472918656788
754,10-59,65.37476489357907
755,10-60,65.36990695513592
756,10-61,65.40299660834815
757,10-62,65.4154879006146
758,10-63,65.43934856061819
759,10-64,65.36745925130829
760,10-65,65.39196592958294
761,10-66,65.26781038607558
762,10-67,65.31832617177675
763,10-68,65.29440810504249
764,10-69,65.27515409209566
765,10-70,65.26133782701228
766,10-71,65.29223752970196
767,10-72,65.22589451357047
768,10-73,65.1473902977355
769,10-74,65.1473902977355
770,11-11,68.74762702914849
771,11-12,68.74428734741616
772,11-13,68.78154466998429
773,11-14,68.74045025256427
774,11-15,68.70743515227839
775,11-16,68.72649163918278
776,11-17,68.62191952544607
777,11-18,68.62196898022873
778,11-19,68.68173626507229
779,11-20,68.68887231572232
780,11-21,68.69359174842191
781,11-22,68.61950722392052
782,11-23,68.62089196592953
783,11-24,68.58963225078786
784,11-25,68.16449864848303
785,11-26,68.18358971663223
786,11-27,68.14210294600097
787,11-28,68.11475781038007
788,11-29,68.10804438032422
789,11-30,68.08925362899701
790,11-31,68.00923530414396
791,11-32,68.0644814164429
792,11-33,68.06906519680727
793,11-34,68.10477270241691
794,11-35,67.96694625537903
795,11-36,67.95110574304411
796,11-37,67.84511584954022
797,11-38,67.71028480754904
798,11-39,67.63035647188586
799,11-40,67.40036459532965
800,11-41,67.40874076466244
801,11-42,67.3146822394923
802,11-43,67.10063490487991
803,11-44,67.02072255331667
804,11-45,66.28275385150792
805,11-46,66.1581031610812
806,11-47,65.74720485743364
807,11-48,65.76698536720662
808,11-49,65.6887114602385
809,11-50,65.55135349979282
810,11-51,65.63447252287787
811,11-52,65.62101190257985
812,11-53,65.66308862201453
813,11-54,65.68025911589068
814,11-55,65.64700156487484
815,11-56,65.6452883842497
816,11-57,65.60080006365199
817,11-58,65.60863287215571
818,11-59,65.5759083769982
819,11-60,65.6084604143558
820,11-61,65.64486205604643
821,11-62,65.61947558529954
822,11-63,65.6274912754761
823,11-64,65.48881070346513
824,11-65,65.49222868373947
825,11-66,65.32253932857354
826,11-67,65.31592026024914
827,11-68,65.30146547683471
828,11-69,65.28715223976698
829,11-70,65.29932542010081
830,11-71,65.26576976741151
831,11-72,65.25313246909774
832,11-73,65.2405060294575
833,11-74,65.2405060294575
834,12-12,68.77711502705395
835,12-13,68.81585547431969
836,12-14,68.70464410082005
837,12-15,68.73978310395356
838,12-16,68.71632935793318
839,12-17,68.72129723121978
840,12-18,68.72617544796967
841,12-19,68.67759422635272
842,12-20,68.68317842635506
843,12-21,68.63542395383965
844,12-22,68.61988228775365
845,12-23,68.44163614636557
846,12-24,68.46173701806524
847,12-25,68.16884728907262
848,12-26,68.2422747162993
849,12-27,68.22981309124083
850,12-28,68.19691471108273
851,12-29,68.17568892119776
852,12-30,68.02844232253855
853,12-31,68.01634201919799
854,12-32,68.07714306996012
855,12-33,68.06668938296006
856,12-34,68.01508485469405
857,12-35,67.94230288514234
858,12-36,67.89594887172761
859,12-37,67.88342492434504
860,12-38,67.72935757692476
861,12-39,67.71725866737428
862,12-40,67.44168765297958
863,12-41,67.42739537857484
864,12-42,67.38984372184828
865,12-43,67.12416663473529
866,12-44,67.05123303290448
867,12-45,66.20531183551572
868,12-46,66.0442455921221
869,12-47,65.7790588389226
870,12-48,65.80946448696976
871,12-49,65.72032817942363
872,12-50,65.64823775224059
873,12-51,65.64204557937788
874,12-52,65.63124164823367
875,12-53,65.72918813909612
876,12-54,65.71541699210646
877,12-55,65.74008061353047
878,12-56,65.70324372726084
879,12-57,65.6469222376287
880,12-58,65.6289090167846
881,12-59,65.65602982477911
882,12-60,65.60561196922087
883,12-61,65.6505724875474
884,12-62,65.59855824019023
885,12-63,65.5602382427419
886,12-64,65.48906758206903
887,12-65,65.5021224618791
888,12-66,65.36240687448867
889,12-67,65.35441621333227
890,12-68,65.35543656654637
891,12-69,65.32997148724127
892,12-70,65.36349903608911
893,12-71,65.33981086705647
894,12-72,65.3345174695225
895,12-73,65.29475532584655
896,12-74,65.29475532584655
897,13-13,68.80695117521097
898,13-14,68.7623885684678
899,13-15,68.81502416070983
900,13-16,68.75941274399398
901,13-17,68.79804635181657
902,13-18,68.73855381439967
903,13-19,68.74260885497266
904,13-20,68.72055193448408
905,13-21,68.63174204253541
906,13-22,68.70622684386719
907,13-23,68.55092434016645
908,13-24,68.49584491010671
909,13-25,68.15891915400579
910,13-26,68.18465398084106
911,13-27,68.17751652003012
912,13-28,68.13650528733923
913,13-29,68.16344975168073
914,13-30,68.00694611850085
915,13-31,68.06675407477469
916,13-32,68.12302185630912
917,13-33,68.07504382181122
918,13-34,67.96144645769007
919,13-35,67.84489861629682
920,13-36,67.81227735412698
921,13-37,67.8191838689005
922,13-38,67.71538390210863
923,13-39,67.64842395300383
924,13-40,67.54370383363586
925,13-41,67.49286797912403
926,13-42,67.309446483728
927,13-43,67.06660280004374
928,13-44,66.89223037669693
929,13-45,66.22476599043708
930,13-46,66.13281069802703
931,13-47,65.72982370707689
932,13-48,65.82928219885942
933,13-49,65.79636087729995
934,13-50,65.74939983630301
935,13-51,65.70400188215515
936,13-52,65.7461525163308
937,13-53,65.71202348881422
938,13-54,65.71135840587873
939,13-55,65.7383589074171
940,13-56,65.66936539610188
941,13-57,65.69154194653996
942,13-58,65.58637305392703
943,13-59,65.58556437136028
944,13-60,65.60005462189412
945,13-61,65.56483565345019
946,13-62,65.69358790630993
947,13-63,65.5697083180756
948,13-64,65.60088924074165
949,13-65,65.55115684309646
950,13-66,65.44021206922864
951,13-67,65.39775097555864
952,13-68,65.40293445504483
953,13-69,65.44054644185397
954,13-70,65.39775724842589
955,13-71,65.44045079058793
956,13-72,65.38245962622375
957,13-73,65.31571175761624
958,13-74,65.31571175761624
959,14-14,68.74839390613926
960,14-15,68.71540429294727
961,14-16,68.74069212254065
962,14-17,68.71628998159204
963,14-18,68.6649213595597
964,14-19,68.68988612108313
965,14-20,68.64635071712533
966,14-21,68.62211230638901
967,14-22,68.62800940654613
968,14-23,68.62627450394577
969,14-24,68.59256895576557
970,14-25,68.25947108451132
971,14-26,68.25859351436755
972,14-27,68.28209793905398
973,14-28,68.1632519099504
974,14-29,68.17848598160698
975,14-30,68.01632447848573
976,14-31,67.96991913015273
977,14-32,68.04647256529002
978,14-33,68.09918286636348
979,14-34,68.1187724066046
980,14-35,68.02717287272874
981,14-36,67.98534352343049
982,14-37,67.94261075031362
983,14-38,67.78909983841488
984,14-39,67.74015027147635
985,14-40,67.51655027481725
986,14-41,67.48005052260548
987,14-42,67.35351060564597
988,14-43,67.1076015955799
989,14-44,67.00307228561351
990,14-45,66.35614390631298
991,14-46,66.18286513084085
992,14-47,65.82802612828463
993,14-48,65.93990478195707
994,14-49,65.86028065379527
995,14-50,65.82311893485621
996,14-51,65.89374960261415
997,14-52,65.7929143164196
998,14-53,65.87312546097786
999,14-54,65.95374999634682
1000,14-55,65.9372048198133
1001,14-56,65.9340014208315
1002,14-57,65.87013881318794
1003,14-58,65.79314259068556
1004,14-59,65.83139186344972
1005,14-60,65.8561547040996
1006,14-61,65.84961068312933
1007,14-62,65.74424447703834
1008,14-63,65.74221758395275
1009,14-64,65.66748363834645
1010,14-65,65.67056270572581
1011,14-66,65.53430758082912
1012,14-67,65.50931518976259
1013,14-68,65.57573388183998
1014,14-69,65.55898518735866
1015,14-70,65.55329871878848
1016,14-71,65.49497975073658
1017,14-72,65.4833032560382
1018,14-73,65.46291733983202
1019,14-74,65.46291733983202
1020,15-15,68.78952478708939
1021,15-16,68.81387819282449
1022,15-17,68.79162756033107
1023,15-18,68.77761454499793
1024,15-19,68.72882237775505
1025,15-20,68.75556528357393
1026,15-21,68.72103978371571
1027,15-22,68.74478299570286
1028,15-23,68.57553065348868
1029,15-24,68.543972160935
1030,15-25,68.12903362151272
1031,15-26,68.11842781879605
1032,15-27,68.1176095481111
1033,15-28,68.16474952193792
1034,15-29,68.15349804572514
1035,15-30,68.00174247539712
1036,15-31,67.96765961727291
1037,15-32,68.10455924488897
1038,15-33,68.08600344288863
1039,15-34,67.91460841338689
1040,15-35,67.86235968646362
1041,15-36,67.82235506860268
1042,15-37,67.82280928796219
1043,15-38,67.7035124415869
1044,15-39,67.61213709999672
1045,15-40,67.41591060655804
1046,15-41,67.38058729311929
1047,15-42,67.25807690150495
1048,15-43,67.10448529341029
1049,15-44,67.07327119839728
1050,15-45,66.39377781596207
1051,15-46,66.2106691363181
1052,15-47,65.81497284437721
1053,15-48,65.86922346016924
1054,15-49,65.76324511636727
1055,15-50,65.66963417041435
1056,15-51,65.70577640007603
1057,15-52,65.70665641545482
1058,15-53,65.7079275020531
1059,15-54,65.77271954718273
1060,15-55,65.73901122065496
1061,15-56,65.69734869817498
1062,15-57,65.74307917267605
1063,15-58,65.64840609358798
1064,15-59,65.62796873779891
1065,15-60,65.62970786345159
1066,15-61,65.61441953600632
1067,15-62,65.5722649689653
1068,15-63,65.58523889042482
1069,15-64,65.53977459927805
1070,15-65,65.59667785004577
1071,15-66,65.41729274630089
1072,15-67,65.40943287724058
1073,15-68,65.41738530118516
1074,15-69,65.40982765066686
1075,15-70,65.43705056495685
1076,15-71,65.40952376099132
1077,15-72,65.37050163923938
1078,15-73,65.29525240280817
1079,15-74,65.29525240280817
1080,16-16,68.74225265490381
1081,16-17,68.8109205343913
1082,16-18,68.79119465401628
1083,16-19,68.78332277694739
1084,16-20,68.7475160930954
1085,16-21,68.67126884758586
1086,16-22,68.73154927803986
1087,16-23,68.52049024138684
1088,16-24,68.56749908120332
1089,16-25,68.15655759609577
1090,16-26,68.12502647901827
1091,16-27,68.12370746088392
1092,16-28,68.1425681232509
1093,16-29,68.05074275525678
1094,16-30,67.99843980667816
1095,16-31,67.98013038516709
1096,16-32,67.96247745182406
1097,16-33,67.96227120078639
1098,16-34,68.03267082237775
1099,16-35,67.96199845198498
1100,16-36,67.93132214550252
1101,16-37,67.9705644516347
1102,16-38,67.81487116990382
1103,16-39,67.78305406488232
1104,16-40,67.604076668093
1105,16-41,67.56981754150308
1106,16-42,67.4861420236904
1107,16-43,67.23130349573647
1108,16-44,67.13377429988218
1109,16-45,66.42162109336151
1110,16-46,66.29020092318092
1111,16-47,65.91991010795056
1112,16-48,66.06240955036947
1113,16-49,65.95182911344259
1114,16-50,65.85456614053315
1115,16-51,65.8342172618114
1116,16-52,65.80152059874631
1117,16-53,65.8471392006322
1118,16-54,65.87382627231267
1119,16-55,65.80729198484933
1120,16-56,65.73707280393697
1121,16-57,65.75986809075211
1122,16-58,65.70726502145676
1123,16-59,65.72334595720221
1124,16-60,65.70642105273932
1125,16-61,65.71363843478935
1126,16-62,65.79347675027384
1127,16-63,65.79107488248738
1128,16-64,65.72523693777839
1129,16-65,65.69622576065387
1130,16-66,65.54986771340758
1131,16-67,65.58525301257262
1132,16-68,65.5414576013569
1133,16-69,65.51734941040313
1134,16-70,65.56951828063157
1135,16-71,65.51831149885055
1136,16-72,65.46185299412659
1137,16-73,65.47879597948932
1138,16-74,65.47879597948932
1139,17-17,68.82439641210084
1140,17-18,68.8314326792949
1141,17-19,68.79540547450394
1142,17-20,68.71831516541019
1143,17-21,68.61817545784092
1144,17-22,68.65858951666924
1145,17-23,68.61542683284027
1146,17-24,68.57836219569367
1147,17-25,68.24712350518635
1148,17-26,68.23234950502177
1149,17-27,68.21715169820384
1150,17-28,68.25732981820053
1151,17-29,68.14959898280944
1152,17-30,68.04379272226042
1153,17-31,68.03916099293514
1154,17-32,68.02875482033105
1155,17-33,68.06629737384216
1156,17-34,68.10090600416811
1157,17-35,68.04632072532158
1158,17-36,68.02542120832669
1159,17-37,67.97991492671768
1160,17-38,67.86163818052322
1161,17-39,67.7989453648128
1162,17-40,67.60402163227745
1163,17-41,67.54059123125836
1164,17-42,67.38530124786239
1165,17-43,67.18024237617732
1166,17-44,67.13212891135527
1167,17-45,66.4102471993543
1168,17-46,66.23123729084696
1169,17-47,65.9877129745034
1170,17-48,65.97817395892469
1171,17-49,65.73091321485666
1172,17-50,65.73851260177854
1173,17-51,65.7377786992809
1174,17-52,65.71099800354517
1175,17-53,65.71874433845956
1176,17-54,65.71967097278176
1177,17-55,65.7642798622573
1178,17-56,65.82447009519962
1179,17-57,65.82259203111548
1180,17-58,65.73634754532416
1181,17-59,65.71049050139555
1182,17-60,65.68069526022862
1183,17-61,65.65830099049998
1184,17-62,65.49540811678897
1185,17-63,65.60944746347222
1186,17-64,65.52705726748134
1187,17-65,65.58858155708872
1188,17-66,65.40759636887731
1189,17-67,65.4364957830287
1190,17-68,65.37813552409506
1191,17-69,65.33203231891595
1192,17-70,65.34074107613637
1193,17-71,65.33199692267743
1194,17-72,65.3312366814655
1195,17-73,65.21813131917555
1196,17-74,65.21813131917555
1197,18-18,68.77984337349515
1198,18-19,68.7844613871528
1199,18-20,68.75358834918318
1200,18-21,68.71408509631985
1201,18-22,68.71930716574452
1202,18-23,68.67984629746991
1203,18-24,68.6768096607728
1204,18-25,68.253462173864
1205,18-26,68.26061883091695
1206,18-27,68.29653865944015
1207,18-28,68.35812124147338
1208,18-29,68.36555354016959
1209,18-30,68.13749506421404
1210,18-31,68.17423406039384
1211,18-32,68.17109025166647
1212,18-33,68.13583325666951
1213,18-34,68.09877462424687
1214,18-35,68.06528598385256
1215,18-36,68.16179843077401
1216,18-37,68.08148208642547
1217,18-38,67.931461026932
1218,18-39,67.91749908964887
1219,18-40,67.70447115208832
1220,18-41,67.66872505678802
1221,18-42,67.55013832907822
1222,18-43,67.354075952291
1223,18-44,67.10945116699057
1224,18-45,66.43669834958781
1225,18-46,66.25662706038403
1226,18-47,65.95164136488539
1227,18-48,66.04878351837709
1228,18-49,65.96298768321141
1229,18-50,65.7958884615923
1230,18-51,65.8319311121639
1231,18-52,65.81115618938404
1232,18-53,65.82170144373718
1233,18-54,65.92480940722099
1234,18-55,65.93391217642075
1235,18-56,65.89556164188049
1236,18-57,65.91248119822886
1237,18-58,65.87158243185985
1238,18-59,65.84869905294148
1239,18-60,65.86747269818353
1240,18-61,65.89848723552466
1241,18-62,65.77237094984636
1242,18-63,65.73896733370506
1243,18-64,65.65654389381572
1244,18-65,65.65159712365414
1245,18-66,65.52418032609577
1246,18-67,65.52631057689231
1247,18-68,65.52084133705193
1248,18-69,65.50088419111542
1249,18-70,65.49525565736316
1250,18-71,65.38006003689259
1251,18-72,65.34344830304603
1252,18-73,65.2935038617237
1253,18-74,65.2935038617237
1254,19-19,68.77366057421568
1255,19-20,68.80671881916909
1256,19-21,68.84517318926007
1257,19-22,68.80099214915944
1258,19-23,68.6679263326187
1259,19-24,68.70695439151974
1260,19-25,68.368150305043
1261,19-26,68.26433174241451
1262,19-27,68.23470059036151
1263,19-28,68.31686406937398
1264,19-29,68.31317957015867
1265,19-30,68.1963414047817
1266,19-31,68.21515150890635
1267,19-32,68.23109349549023
1268,19-33,68.19748165669105
1269,19-34,68.12218354002654
1270,19-35,68.06403299514994
1271,19-36,68.05300052345031
1272,19-37,68.06641390180856
1273,19-38,67.91269504978251
1274,19-39,67.92338739930999
1275,19-40,67.72122204356077
1276,19-41,67.68025455353039
1277,19-42,67.56200931130446
1278,19-43,67.19231252737413
1279,19-44,67.09118275880937
1280,19-45,66.43141493172419
1281,19-46,66.28420978483744
1282,19-47,66.02628512852625
1283,19-48,66.02073494193388
1284,19-49,65.9300721535159
1285,19-50,65.80767155548735
1286,19-51,65.79566656337882
1287,19-52,65.74962622929931
1288,19-53,65.76777571391563
1289,19-54,65.83730609419113
1290,19-55,65.8143802191951
1291,19-56,65.77111023121283
1292,19-57,65.83397731612428
1293,19-58,65.76513087861977
1294,19-59,65.76249213514791
1295,19-60,65.73467025582931
1296,19-61,65.77934396009698
1297,19-62,65.71269401999463
1298,19-63,65.73964028234907
1299,19-64,65.74776888506071
1300,19-65,65.73871939060865
1301,19-66,65.66816334018193
1302,19-67,65.6669475352059
1303,19-68,65.67590509669824
1304,19-69,65.65297070438369
1305,19-70,65.61232532583443
1306,19-71,65.58799564720813
1307,19-72,65.57286683614892
1308,19-73,65.45991906985779
1309,19-74,65.45991906985779
1310,20-20,68.72146295925162
1311,20-21,68.71091180749255
1312,20-22,68.67403017049001
1313,20-23,68.68978512093697
1314,20-24,68.61300222511224
1315,20-25,68.30226928554463
1316,20-26,68.31223570271267
1317,20-27,68.28551398944394
1318,20-28,68.36148298322513
1319,20-29,68.348402243586
1320,20-30,68.14424871342852
1321,20-31,68.12967112214747
1322,20-32,68.10467629359081
1323,20-33,68.10512463135406
1324,20-34,68.0602627568521
1325,20-35,68.0611991774991
1326,20-36,68.08318767400199
1327,20-37,68.06433820341111
1328,20-38,67.92432275793571
1329,20-39,67.91995766323653
1330,20-40,67.71342917835783
1331,20-41,67.67971910800593
1332,20-42,67.44259553559317
1333,20-43,67.23284917329065
1334,20-44,67.13225971912615
1335,20-45,66.55097221106733
1336,20-46,66.33965502447514
1337,20-47,66.08223581961573
1338,20-48,66.13174959816331
1339,20-49,66.07227709101066
1340,20-50,65.91322398807738
1341,20-51,65.91360919583926
1342,20-52,65.9524459075566
1343,20-53,65.94189710347108
1344,20-54,65.94749293045284
1345,20-55,66.0132498545382
1346,20-56,65.9776544931106
1347,20-57,66.01251830091212
1348,20-58,65.92324297243654
1349,20-59,65.89018502232298
1350,20-60,65.94232420753833
1351,20-61,65.9618990813331
1352,20-62,65.86914177696939
1353,20-63,65.89007673674921
1354,20-64,65.8393688044516
1355,20-65,65.8266206258042
1356,20-66,65.68948399223116
1357,20-67,65.69253688545429
1358,20-68,65.67124817362433
1359,20-69,65.6695222940737
1360,20-70,65.65170656103264
1361,20-71,65.60412026839303
1362,20-72,65.58204204482549
1363,20-73,65.51297048276703
1364,20-74,65.51297048276703
1365,21-21,68.75136577917004
1366,21-22,68.73245933123175
1367,21-23,68.78824253168483
1368,21-24,68.76388804215193
1369,21-25,68.37761801387305
1370,21-26,68.37782683439706
1371,21-27,68.39443816639543
1372,21-28,68.34274326015067
1373,21-29,68.32438097676929
1374,21-30,68.21258089611845
1375,21-31,68.18791247938687
1376,21-32,68.1539892657
1377,21-33,68.1998438563421
1378,21-34,68.1379206586712
1379,21-35,68.11759723134043
1380,21-36,68.14150913437412
1381,21-37,68.12681568007658
1382,21-38,68.07425460146992
1383,21-39,68.06289387585598
1384,21-40,67.78666978905157
1385,21-41,67.8160653357647
1386,21-42,67.53260421507446
1387,21-43,67.39793359692929
1388,21-44,67.25980860575007
1389,21-45,66.57356635398793
1390,21-46,66.40124589920056
1391,21-47,66.10801364078573
1392,21-48,66.08742936792456
1393,21-49,65.95854960431652
1394,21-50,65.83698567348647
1395,21-51,65.85636970278482
1396,21-52,65.82810076296175
1397,21-53,65.84702970902877
1398,21-54,65.91450764348012
1399,21-55,65.93979245352341
1400,21-56,65.93768426399181
1401,21-57,65.90226784526766
1402,21-58,65.90807389017515
1403,21-59,65.89615656475067
1404,21-60,65.91212531559148
1405,21-61,65.97458420496129
1406,21-62,65.86617578143247
1407,21-63,65.86965676856857
1408,21-64,65.8134800418763
1409,21-65,65.84957626686216
1410,21-66,65.7941040222514
1411,21-67,65.75292955664914
1412,21-68,65.70870662760358
1413,21-69,65.70580086901121
1414,21-70,65.69885889636373
1415,21-71,65.66821882980996
1416,21-72,65.65146107164608
1417,21-73,65.65009345344578
1418,21-74,65.65009345344578
1419,22-22,68.74860125851214
1420,22-23,68.7437411116931
1421,22-24,68.70262331650144
1422,22-25,68.43329580305262
1423,22-26,68.57024701736101
1424,22-27,68.5477057331979
1425,22-28,68.49151118573302
1426,22-29,68.4733650318639
1427,22-30,68.31260722811338
1428,22-31,68.30618999550032
1429,22-32,68.24880434848676
1430,22-33,68.24314729705114
1431,22-34,68.24068937797712
1432,22-35,68.19800306411501
1433,22-36,68.0769399340228
1434,22-37,68.11738323889026
1435,22-38,67.9955132436904
1436,22-39,68.04213807479715
1437,22-40,67.80694832398652
1438,22-41,67.73326787630918
1439,22-42,67.56934992061328
1440,22-43,67.29265877282484
1441,22-44,67.23980831353732
1442,22-45,66.50702450140821
1443,22-46,66.33278080388007
1444,22-47,66.03457645563896
1445,22-48,66.06116735492435
1446,22-49,66.05808804507835
1447,22-50,65.8761090047909
1448,22-51,65.8131724378635
1449,22-52,65.8339841034938
1450,22-53,65.83696882314162
1451,22-54,65.87677749677734
1452,22-55,65.93032995493083
1453,22-56,65.87804381943519
1454,22-57,65.89235816542376
1455,22-58,65.86349856579278
1456,22-59,65.85696929344539
1457,22-60,65.88664915166673
1458,22-61,65.93803970642996
1459,22-62,65.83637333493331
1460,22-63,65.80064594149799
1461,22-64,65.75823604201614
1462,22-65,65.75939787413071
1463,22-66,65.59998649411256
1464,22-67,65.59033962859412
1465,22-68,65.65056653408449
1466,22-69,65.65999315139987
1467,22-70,65.6383794877002
1468,22-71,65.62854901957812
1469,22-72,65.57857482365254
1470,22-73,65.47221158464099
1471,22-74,65.47221158464099
1472,23-23,68.80727127671831
1473,23-24,68.79478545259798
1474,23-25,68.35356498606058
1475,23-26,68.42135062836267
1476,23-27,68.44071252784933
1477,23-28,68.36095718640439
1478,23-29,68.3810995557749
1479,23-30,68.31042829897947
1480,23-31,68.23278062412193
1481,23-32,68.29870784966863
1482,23-33,68.26829709207604
1483,23-34,68.2328694472377
1484,23-35,68.134622772548
1485,23-36,68.1782598584642
1486,23-37,68.15751193872975
1487,23-38,68.0706230808878
1488,23-39,68.05373714793981
1489,23-40,67.74365562787895
1490,23-41,67.74889887014041
1491,23-42,67.5644340916016
1492,23-43,67.40818323742646
1493,23-44,67.15570024214936
1494,23-45,66.56664575332931
1495,23-46,66.4925453729299
1496,23-47,65.9842433984684
1497,23-48,66.06618750770203
1498,23-49,65.91835273149695
1499,23-50,65.91540743201571
1500,23-51,65.8942613845747
1501,23-52,65.91485960610726
1502,23-53,65.90352113265278
1503,23-54,65.90806112928648
1504,23-55,65.97750799676702
1505,23-56,65.9481709071197
1506,23-57,65.97666169837142
1507,23-58,65.8781300631124
1508,23-59,65.85980550095334
1509,23-60,65.89308963036021
1510,23-61,65.84034173361013
1511,23-62,65.84118647179538
1512,23-63,65.7552535715109
1513,23-64,65.6629673979645
1514,23-65,65.69511191423207
1515,23-66,65.5238380626664
1516,23-67,65.52961819976673
1517,23-68,65.52455458928735
1518,23-69,65.4847687222201
1519,23-70,65.51883891704422
1520,23-71,65.44744274165406
1521,23-72,65.47344776605203
1522,23-73,65.35537825301545
1523,23-74,65.35537825301545
1524,24-24,68.75616464256386
1525,24-25,68.55269166110214
1526,24-26,68.53207991204722
1527,24-27,68.51918262202064
1528,24-28,68.53857494687203
1529,24-29,68.49610650989132
1530,24-30,68.3547672248084
1531,24-31,68.4098871802321
1532,24-32,68.34214462541915
1533,24-33,68.32590857750722
1534,24-34,68.28946705364645
1535,24-35,68.25451851290926
1536,24-36,68.24315799449614
1537,24-37,68.2220010930201
1538,24-38,68.08375936242467
1539,24-39,68.0631867261299
1540,24-40,67.91132718536943
1541,24-41,67.83698043448216
1542,24-42,67.73132463386662
1543,24-43,67.55540199268543
1544,24-44,67.46675083390289
1545,24-45,66.69406010142042
1546,24-46,66.59027707203117
1547,24-47,66.34338120522031
1548,24-48,66.3384206743397
1549,24-49,66.34258265702978
1550,24-50,66.33739624666264
1551,24-51,66.28705271580874
1552,24-52,66.28939644265972
1553,24-53,66.2957672335245
1554,24-54,66.24666650382862
1555,24-55,66.2597658468569
1556,24-56,66.17571943760353
1557,24-57,66.18482873908201
1558,24-58,66.09100947432144
1559,24-59,66.07846430007447
1560,24-60,66.15613682324354
1561,24-61,66.13600621738776
1562,24-62,66.04802289808127
1563,24-63,66.00127300947322
1564,24-64,66.00182268303647
1565,24-65,65.9965023207593
1566,24-66,65.84519394192012
1567,24-67,65.84690163801399
1568,24-68,65.8528115520467
1569,24-69,65.86546743353729
1570,24-70,65.82568800701314
1571,24-71,65.80800389063619
1572,24-72,65.8331933981996
1573,24-73,65.88729938467854
1574,24-74,65.88729938467854
1575,25-25,68.51623724366108
1576,25-26,68.54914348708053
1577,25-27,68.53597740694235
1578,25-28,68.47594022658346
1579,25-29,68.45770303043724
1580,25-30,68.3649747019248
1581,25-31,68.36782610651342
1582,25-32,68.3411739796109
1583,25-33,68.32185997302298
1584,25-34,68.31786504744979
1585,25-35,68.29158026879567
1586,25-36,68.21962760765491
1587,25-37,68.1884873842354
1588,25-38,68.12973957464482
1589,25-39,68.11932538656815
1590,25-40,67.93793937996169
1591,25-41,67.93485877086242
1592,25-42,67.72530921093762
1593,25-43,67.55279293391678
1594,25-44,67.23649207436718
1595,25-45,66.58861224775704
1596,25-46,66.51880973831574
1597,25-47,66.22254025997184
1598,25-48,66.2748217872643
1599,25-49,66.22408417516613
1600,25-50,66.11948111245603
1601,25-51,66.1364381816378
1602,25-52,66.12520370220126
1603,25-53,66.0940789529272
1604,25-54,66.13524370598228
1605,25-55,66.13187345133514
1606,25-56,66.07454107509463
1607,25-57,66.05114768202898
1608,25-58,65.96596740051349
1609,25-59,65.92955332934534
1610,25-60,65.95109741311197
1611,25-61,65.98388760652561
1612,25-62,65.9295250316675
1613,25-63,65.8932435131459
1614,25-64,65.89581838191322
1615,25-65,65.87942437678566
1616,25-66,65.81021765360512
1617,25-67,65.77145445765362
1618,25-68,65.77007596324829
1619,25-69,65.76091458441446
1620,25-70,65.77267764436371
1621,25-71,65.74054210102302
1622,25-72,65.72052112366748
1623,25-73,65.62196471094241
1624,25-74,65.62196471094241
1625,26-26,68.63933122479744
1626,26-27,68.67855228908954
1627,26-28,68.56721207261612
1628,26-29,68.4942574778445
1629,26-30,68.46054496879363
1630,26-31,68.52010573591912
1631,26-32,68.44846006633702
1632,26-33,68.47309530036888
1633,26-34,68.48371717954443
1634,26-35,68.41548449899781
1635,26-36,68.37875500570698
1636,26-37,68.38157975520451
1637,26-38,68.21846376730963
1638,26-39,68.17126866211512
1639,26-40,68.00756790345646
1640,26-41,68.0013684304568
1641,26-42,67.83447350285844
1642,26-43,67.70367448755762
1643,26-44,67.54954664017568
1644,26-45,66.97743581145306
1645,26-46,66.75482498868037
1646,26-47,66.542722869706
1647,26-48,66.52647988696616
1648,26-49,66.50198228003657
1649,26-50,66.46069767412781
1650,26-51,66.53714790748408
1651,26-52,66.50363596341818
1652,26-53,66.4718135048876
1653,26-54,66.48686339511724
1654,26-55,66.53338539951493
1655,26-56,66.52647436925065
1656,26-57,66.45903114418691
1657,26-58,66.42326485035218
1658,26-59,66.39242355803242
1659,26-60,66.46325414173036
1660,26-61,66.43679199058184
1661,26-62,66.31098979947704
1662,26-63,66.25936635347539
1663,26-64,66.27687951570145
1664,26-65,66.21475792572608
1665,26-66,66.09885063032746
1666,26-67,66.14296260219739
1667,26-68,66.15416501842333
1668,26-69,66.13086956748995
1669,26-70,66.13004323015875
1670,26-71,66.11038892316962
1671,26-72,66.08601977062966
1672,26-73,66.04073518444459
1673,26-74,66.04073518444459
1674,27-27,68.78765894736894
1675,27-28,68.5793881702691
1676,27-29,68.49107836220465
1677,27-30,68.43908343297358
1678,27-31,68.5226726414178
1679,27-32,68.4571580674318
1680,27-33,68.46332961402943
1681,27-34,68.48660747495511
1682,27-35,68.40286186649645
1683,27-36,68.43368981590865
1684,27-37,68.41068386721811
1685,27-38,68.29252728172557
1686,27-39,68.2208272160422
1687,27-40,68.07685269916107
1688,27-41,67.97765372826677
1689,27-42,67.91165849700522
1690,27-43,67.73125438081313
1691,27-44,67.55958821717543
1692,27-45,66.87673859309477
1693,27-46,66.74190337042674
1694,27-47,66.40241910791151
1695,27-48,66.4436065294075
1696,27-49,66.46457091562047
1697,27-50,66.46059874561867
1698,27-51,66.40296178859924
1699,27-52,66.41061195009095
1700,27-53,66.44394722576065
1701,27-54,66.46702376211432
1702,27-55,66.49771986631686
1703,27-56,66.43725615114022
1704,27-57,66.44050343370786
1705,27-58,66.35496098718907
1706,27-59,66.31820716353147
1707,27-60,66.3537006708564
1708,27-61,66.35589629606918
1709,27-62,66.3371509929969
1710,27-63,66.2732700104959
1711,27-64,66.25998254036118
1712,27-65,66.2377967334963
1713,27-66,66.14325080457768
1714,27-67,66.07316759138098
1715,27-68,66.11812251751937
1716,27-69,66.07982130191559
1717,27-70,66.05957121370103
1718,27-71,65.99625036545675
1719,27-72,66.00751608716375
1720,27-73,65.95327502333468
1721,27-74,65.95327502333468
1722,28-28,68.54239489545729
1723,28-29,68.50117824179291
1724,28-30,68.43562588222476
1725,28-31,68.48079042241778
1726,28-32,68.40176956812215
1727,28-33,68.37147128633745
1728,28-34,68.34706950952494
1729,28-35,68.30799831383302
1730,28-36,68.29300562742509
1731,28-37,68.27892869558355
1732,28-38,68.2077745219626
1733,28-39,68.16767027463285
1734,28-40,67.98208027875823
1735,28-41,67.9712906955465
1736,28-42,67.86639956009081
1737,28-43,67.69756316770508
1738,28-44,67.53541564972242
1739,28-45,66.84263716183636
1740,28-46,66.72813980918005
1741,28-47,66.5264998793209
1742,28-48,66.55173571695215
1743,28-49,66.42152406720304
1744,28-50,66.39695245199377
1745,28-51,66.31333179849743
1746,28-52,66.31589649139202
1747,28-53,66.30325051658042
1748,28-54,66.36252946580674
1749,28-55,66.42278461291593
1750,28-56,66.31869717313702
1751,28-57,66.3264546603641
1752,28-58,66.34250543410273
1753,28-59,66.32253715875159
1754,28-60,66.34570595284835
1755,28-61,66.34481636614254
1756,28-62,66.30179435957021
1757,28-63,66.32300640415548
1758,28-64,66.24767805048963
1759,28-65,66.20503800941992
1760,28-66,66.07731828579251
1761,28-67,66.10277679490746
1762,28-68,66.09412216446763
1763,28-69,66.08235600267808
1764,28-70,66.10020640205178
1765,28-71,66.03694695032257
1766,28-72,66.01164882824058
1767,28-73,65.93427159970446
1768,28-74,65.93427159970446
1769,29-29,68.75536176295958
1770,29-30,68.53894117556173
1771,29-31,68.53498687337176
1772,29-32,68.51682563827252
1773,29-33,68.53731168377072
1774,29-34,68.5217757029984
1775,29-35,68.47493456258691
1776,29-36,68.48236635575556
1777,29-37,68.52762694573941
1778,29-38,68.39703227558883
1779,29-39,68.35317015301587
1780,29-40,68.08874659777908
1781,29-41,68.08629373777768
1782,29-42,67.93675393946998
1783,29-43,67.88825760816721
1784,29-44,67.6583155053364
1785,29-45,66.99405933157503
1786,29-46,66.85551485890475
1787,29-47,66.62890852072681
1788,29-48,66.58861210620253
1789,29-49,66.58165833176137
1790,29-50,66.3582619621612
1791,29-51,66.21010448842398
1792,29-52,66.2326687359619
1793,29-53,66.27878429299201
1794,29-54,66.30574885255969
1795,29-55,66.34032328767306
1796,29-56,66.25893394272211
1797,29-57,66.27540981786125
1798,29-58,66.229156695575
1799,29-59,66.24350062680644
1800,29-60,66.27925169860198
1801,29-61,66.29825936182058
1802,29-62,66.30902064287095
1803,29-63,66.30197727017641
1804,29-64,66.28471306649482
1805,29-65,66.21071248832443
1806,29-66,66.09237218380883
1807,29-67,66.09802279730147
1808,29-68,66.09238972680876
1809,29-69,66.02697153226809
1810,29-70,66.05577408743123
1811,29-71,66.024892171537
1812,29-72,66.02308780704453
1813,29-73,65.95922897271993
1814,29-74,65.95922897271993
1815,30-30,68.54700004185389
1816,30-31,68.63519753367379
1817,30-32,68.63794676649222
1818,30-33,68.63143065568845
1819,30-34,68.60320802032554
1820,30-35,68.5401348201127
1821,30-36,68.57344462743309
1822,30-37,68.54952399202641
1823,30-38,68.3876941749326
1824,30-39,68.38419658980952
1825,30-40,68.11359189104364
1826,30-41,68.07621654659407
1827,30-42,67.94737146052917
1828,30-43,67.93654557520613
1829,30-44,67.62638379688705
1830,30-45,67.06226654772503
1831,30-46,66.80640191011543
1832,30-47,66.55452749670287
1833,30-48,66.45541019247521
1834,30-49,66.42826845211002
1835,30-50,66.25368925404581
1836,30-51,66.30726171410114
1837,30-52,66.26865347585141
1838,30-53,66.23979962060218
1839,30-54,66.2906366319825
1840,30-55,66.31238169738928
1841,30-56,66.2437272392076
1842,30-57,66.30494731529039
1843,30-58,66.23846284835744
1844,30-59,66.2490528245673
1845,30-60,66.18693855343616
1846,30-61,66.27490844803347
1847,30-62,66.23095877657357
1848,30-63,66.25276721610933
1849,30-64,66.23204316188739
1850,30-65,66.15310080336019
1851,30-66,66.05692873924504
1852,30-67,66.11722756294763
1853,30-68,66.09073058469154
1854,30-69,66.11514361448971
1855,30-70,66.11595565219172
1856,30-71,66.13466073191944
1857,30-72,66.11401423602918
1858,30-73,66.0324443352915
1859,30-74,66.0324443352915
1860,31-31,68.77769620533671
1861,31-32,68.75718373837898
1862,31-33,68.72392350404567
1863,31-34,68.75517637381017
1864,31-35,68.6666609856316
1865,31-36,68.63979846588079
1866,31-37,68.73641343108986
1867,31-38,68.55948426338138
1868,31-39,68.51900887437104
1869,31-40,68.19911410385892
1870,31-41,68.26982006116134
1871,31-42,68.12851055743519
1872,31-43,67.99007499700728
1873,31-44,67.76851516138522
1874,31-45,67.12369125278555
1875,31-46,66.92261533616949
1876,31-47,66.71709538211033
1877,31-48,66.72011512300382
1878,31-49,66.831276498899
1879,31-50,66.66002561426427
1880,31-51,66.4957413042748
1881,31-52,66.46911328253016
1882,31-53,66.53798624947676
1883,31-54,66.57532155896713
1884,31-55,66.5777309769719
1885,31-56,66.52371504802862
1886,31-57,66.54116855094398
1887,31-58,66.55033882580234
1888,31-59,66.52373536945113
1889,31-60,66.5643697038576
1890,31-61,66.59476986783284
1891,31-62,66.45362776232379
1892,31-63,66.38302514347829
1893,31-64,66.45447854011148
1894,31-65,66.41744832530468
1895,31-66,66.27702008858473
1896,31-67,66.29377712029029
1897,31-68,66.29948158886246
1898,31-69,66.25259758461041
1899,31-70,66.22957790424049
1900,31-71,66.22631975053983
1901,31-72,66.16543369668541
1902,31-73,66.14560709030275
1903,31-74,66.14560709030275
1904,32-32,68.7458661235328
1905,32-33,68.75118052890083
1906,32-34,68.75238334953067
1907,32-35,68.72501876790625
1908,32-36,68.70333286132573
1909,32-37,68.72814613984532
1910,32-38,68.50576873245318
1911,32-39,68.5502588850678
1912,32-40,68.26342573510567
1913,32-41,68.34450143467305
1914,32-42,68.22365020131063
1915,32-43,68.08731596571236
1916,32-44,67.8703884467405
1917,32-45,67.27049943941566
1918,32-46,67.116158884735
1919,32-47,66.92427098536636
1920,32-48,66.74102484858705
1921,32-49,66.67478743104371
1922,32-50,66.60634690574734
1923,32-51,66.63555990839491
1924,32-52,66.62507487898353
1925,32-53,66.60642053042005
1926,32-54,66.63893200701136
1927,32-55,66.61845059386413
1928,32-56,66.58185599608683
1929,32-57,66.57518836429469
1930,32-58,66.42225104109734
1931,32-59,66.41958977063086
1932,32-60,66.40640944018485
1933,32-61,66.39372992584751
1934,32-62,66.45080727735613
1935,32-63,66.44351080928689
1936,32-64,66.38689787603963
1937,32-65,66.40547216582948
1938,32-66,66.23975291018095
1939,32-67,66.24977067936928
1940,32-68,66.26353947272398
1941,32-69,66.21797185999465
1942,32-70,66.25089762168923
1943,32-71,66.16340664652239
1944,32-72,66.19815975095172
1945,32-73,66.11649506955801
1946,32-74,66.11649506955801
1947,33-33,68.78002112834352
1948,33-34,68.77250146260748
1949,33-35,68.73695167140804
1950,33-36,68.73126759088547
1951,33-37,68.65909949496982
1952,33-38,68.45938593902684
1953,33-39,68.51093794720798
1954,33-40,68.19481553942188
1955,33-41,68.14142770080468
1956,33-42,68.17356684681512
1957,33-43,67.91058171340316
1958,33-44,67.70482159332884
1959,33-45,67.18893565413728
1960,33-46,66.9957342258009
1961,33-47,66.76008295343208
1962,33-48,66.79730922919978
1963,33-49,66.63582576501793
1964,33-50,66.60476855777442
1965,33-51,66.65324512289561
1966,33-52,66.67605715961488
1967,33-53,66.66869029517738
1968,33-54,66.67895350526467
1969,33-55,66.6776632529485
1970,33-56,66.67843976287406
1971,33-57,66.67821103558221
1972,33-58,66.5270310521628
1973,33-59,66.52154304236018
1974,33-60,66.52980171980502
1975,33-61,66.53288832575129
1976,33-62,66.5233737263649
1977,33-63,66.50075952686329
1978,33-64,66.47453917337238
1979,33-65,66.48260208145314
1980,33-66,66.46840462954525
1981,33-67,66.43458480125501
1982,33-68,66.39801399746095
1983,33-69,66.41165275352438
1984,33-70,66.39267961928759
1985,33-71,66.3385084155174
1986,33-72,66.36849304816839
1987,33-73,66.3379441264209
1988,33-74,66.3379441264209
1989,34-34,68.74730106306528
1990,34-35,68.65231005562522
1991,34-36,68.74972485322448
1992,34-37,68.68208131757903
1993,34-38,68.51432019974318
1994,34-39,68.50038221879076
1995,34-40,68.16461291406324
1996,34-41,68.11606922998314
1997,34-42,67.97983717152943
1998,34-43,67.81818332771846
1999,34-44,67.71141732042597
2000,34-45,67.13201426143213
2001,34-46,66.95855101774897
2002,34-47,66.65637571803963
2003,34-48,66.68817031918135
2004,34-49,66.64913067285492
2005,34-50,66.59025787053415
2006,34-51,66.55023318195323
2007,34-52,66.56737448223012
2008,34-53,66.56985966653785
2009,34-54,66.59175882336858
2010,34-55,66.5789924106518
2011,34-56,66.55629618076223
2012,34-57,66.55610669548159
2013,34-58,66.47403377221157
2014,34-59,66.51615197029453
2015,34-60,66.48976665093248
2016,34-61,66.48521683200637
2017,34-62,66.54505534514874
2018,34-63,66.45896334114497
2019,34-64,66.43060421346114
2020,34-65,66.41128326911287
2021,34-66,66.33128600170546
2022,34-67,66.3438358587545
2023,34-68,66.34579681863073
2024,34-69,66.3589152110432
2025,34-70,66.32929602370504
2026,34-71,66.30512827375952
2027,34-72,66.30666585369767
2028,34-73,66.26638136600944
2029,34-74,66.26638136600944
2030,35-35,68.74777257691696
2031,35-36,68.76293149480898
2032,35-37,68.66235989583808
2033,35-38,68.53199561372463
2034,35-39,68.54580921520721
2035,35-40,68.1927079239119
2036,35-41,68.13549661892294
2037,35-42,68.00048818579874
2038,35-43,67.80447172700592
2039,35-44,67.77713277318387
2040,35-45,67.08371570600448
2041,35-46,66.85852398869312
2042,35-47,66.66201515171018
2043,35-48,66.73292393330418
2044,35-49,66.7377658833773
2045,35-50,66.65983729439006
2046,35-51,66.55015707304742
2047,35-52,66.54158957904014
2048,35-53,66.57619942850882
2049,35-54,66.61338773035376
2050,35-55,66.6266759524087
2051,35-56,66.49067360178609
2052,35-57,66.54020967637047
2053,35-58,66.5320406540684
2054,35-59,66.50363945812013
2055,35-60,66.51121402412763
2056,35-61,66.51033644427294
2057,35-62,66.43663905032004
2058,35-63,66.43966703433244
2059,35-64,66.4611365147656
2060,35-65,66.49049288890389
2061,35-66,66.39551189388253
2062,35-67,66.37546329701213
2063,35-68,66.37429214727804
2064,35-69,66.37717412248712
2065,35-70,66.3889955177125
2066,35-71,66.37500147926445
2067,35-72,66.36716481677489
2068,35-73,66.31615725569273
2069,35-74,66.31615725569273
2070,36-36,68.84839353266383
2071,36-37,68.69875204011616
2072,36-38,68.55937370387345
2073,36-39,68.57775258843955
2074,36-40,68.26418444020194
2075,36-41,68.2583537952228
2076,36-42,68.15039104997408
2077,36-43,68.0008887299779
2078,36-44,67.84513718250386
2079,36-45,67.37712047555178
2080,36-46,67.17660740850985
2081,36-47,66.87900346910455
2082,36-48,66.81010792069081
2083,36-49,66.75702483695397
2084,36-50,66.575279618459
2085,36-51,66.65943272682249
2086,36-52,66.64842286410087
2087,36-53,66.62917668622579
2088,36-54,66.63324319955578
2089,36-55,66.63779901547747
2090,36-56,66.63958573566458
2091,36-57,66.62830268030771
2092,36-58,66.57248883440309
2093,36-59,66.60779020593314
2094,36-60,66.60323752019927
2095,36-61,66.58185258498261
2096,36-62,66.54424081897002
2097,36-63,66.46100931037738
2098,36-64,66.47713538357594
2099,36-65,66.42885168760006
2100,36-66,66.29439451221528
2101,36-67,66.33404851304957
2102,36-68,66.27284363284434
2103,36-69,66.27126125960542
2104,36-70,66.3104946233388
2105,36-71,66.32751386466917
2106,36-72,66.29206460750726
2107,36-73,66.15049000698096
2108,36-74,66.15049000698096
2109,37-37,68.81773624489995
2110,37-38,68.62772567245422
2111,37-39,68.54580036554762
2112,37-40,68.31804554255945
2113,37-41,68.3651104116236
2114,37-42,68.10781893074311
2115,37-43,68.02768990106917
2116,37-44,67.79338373324278
2117,37-45,67.20902523670348
2118,37-46,67.04227700338198
2119,37-47,66.80442964313534
2120,37-48,66.76297939951155
2121,37-49,66.69654501442703
2122,37-50,66.62496836972223
2123,37-51,66.55995153980653
2124,37-52,66.57899703686326
2125,37-53,66.57788419948736
2126,37-54,66.62267551315524
2127,37-55,66.72662256186034
2128,37-56,66.70315175469719
2129,37-57,66.70273532101778
2130,37-58,66.55317877432714
2131,37-59,66.5637637135707
2132,37-60,66.54173414860824
2133,37-61,66.57230926170467
2134,37-62,66.56936424543174
2135,37-63,66.57245615534816
2136,37-64,66.6188060685825
2137,37-65,66.57475579376087
2138,37-66,66.439325485518
2139,37-67,66.38874111514212
2140,37-68,66.40042601211078
2141,37-69,66.44588260058126
2142,37-70,66.42174828746509
2143,37-71,66.43497471278928
2144,37-72,66.40919327048492
2145,37-73,66.36964802774877
2146,37-74,66.36964802774877
2147,38-38,68.65600168481816
2148,38-39,68.59474771005857
2149,38-40,68.30262850655612
2150,38-41,68.3040194689021
2151,38-42,68.13158983878591
2152,38-43,68.00275535246605
2153,38-44,67.84503090606614
2154,38-45,67.38544815010313
2155,38-46,67.16181257820871
2156,38-47,66.85940620907428
2157,38-48,66.98507505314309
2158,38-49,66.82142998554819
2159,38-50,66.91666192035741
2160,38-51,66.79940914793909
2161,38-52,66.7902379569936
2162,38-53,66.76610460996473
2163,38-54,66.81243268038043
2164,38-55,66.91976773152005
2165,38-56,66.73854565163728
2166,38-57,66.80536015610483
2167,38-58,66.68716824646957
2168,38-59,66.5830673087233
2169,38-60,66.68867889172942
2170,38-61,66.71051462568074
2171,38-62,66.64688561998918
2172,38-63,66.61648591023989
2173,38-64,66.65176186649263
2174,38-65,66.68249788338105
2175,38-66,66.53830898664546
2176,38-67,66.51517059185856
2177,38-68,66.51757684423582
2178,38-69,66.48010400014958
2179,38-70,66.46747097696826
2180,38-71,66.49643135325384
2181,38-72,66.43504294618455
2182,38-73,66.41581253883079
2183,38-74,66.41581253883079
2184,39-39,68.72808250766987
2185,39-40,68.52608914758356
2186,39-41,68.48067235008598
2187,39-42,68.34916091850359
2188,39-43,68.0807217369215
2189,39-44,67.9476834845117
2190,39-45,67.4702110410704
2191,39-46,67.29467472145532
2192,39-47,67.05103284910143
2193,39-48,67.09343536365282
2194,39-49,66.98433126416872
2195,39-50,66.8971496589662
2196,39-51,66.80754351186506
2197,39-52,66.7976526606869
2198,39-53,66.89278071075408
2199,39-54,66.92753450858218
2200,39-55,66.86530712960976
2201,39-56,66.82131755987193
2202,39-57,66.81874424130554
2203,39-58,66.75614998998147
2204,39-59,66.74123324312326
2205,39-60,66.72677887986224
2206,39-61,66.7197796258679
2207,39-62,66.74552602847268
2208,39-63,66.73561691269215
2209,39-64,66.7223295488363
2210,39-65,66.71861764398729
2211,39-66,66.63528451903356
2212,39-67,66.59350722751182
2213,39-68,66.63125066783527
2214,39-69,66.58098989466943
2215,39-70,66.57453981082917
2216,39-71,66.53809749346968
2217,39-72,66.52006013880892
2218,39-73,66.43925357203904
2219,39-74,66.43925357203904
2220,40-40,68.56923909383579
2221,40-41,68.46676227123656
2222,40-42,68.37155145440771
2223,40-43,68.0529525560776
2224,40-44,68.03435075137403
2225,40-45,67.54172310252272
2226,40-46,67.40587523081373
2227,40-47,67.1718351234256
2228,40-48,67.17175684489601
2229,40-49,67.13343208989879
2230,40-50,67.05192565734535
2231,40-51,66.98819736958683
2232,40-52,67.00100276604455
2233,40-53,66.96563430188826
2234,40-54,67.01924732252101
2235,40-55,67.03945348111091
2236,40-56,66.99146870864747
2237,40-57,66.98566172505338
2238,40-58,66.8803920534809
2239,40-59,66.86835465819635
2240,40-60,66.82738213880867
2241,40-61,66.86386753929395
2242,40-62,66.79195128551278
2243,40-63,66.7582297740277
2244,40-64,66.8244161975767
2245,40-65,66.82577137053738
2246,40-66,66.67061481579462
2247,40-67,66.64883029742774
2248,40-68,66.62583336736456
2249,40-69,66.6099393888019
2250,40-70,66.63978190167366
2251,40-71,66.58126372198268
2252,40-72,66.57485128512214
2253,40-73,66.45444670233067
2254,40-74,66.45444670233067
2255,41-41,68.80495576665118
2256,41-42,68.60145847209313
2257,41-43,68.4381136893384
2258,41-44,68.30178985672543
2259,41-45,67.84362764593102
2260,41-46,67.68835499209634
2261,41-47,67.5051340688691
2262,41-48,67.50869643932084
2263,41-49,67.51628549555714
2264,41-50,67.33850944639543
2265,41-51,67.33634098866837
2266,41-52,67.32163929356494
2267,41-53,67.36037965006038
2268,41-54,67.3318005829442
2269,41-55,67.35183174510604
2270,41-56,67.27556921049849
2271,41-57,67.30821987342834
2272,41-58,67.31201460661242
2273,41-59,67.29488998737287
2274,41-60,67.33340430731097
2275,41-61,67.34096781290962
2276,41-62,67.31797860337073
2277,41-63,67.35111989639411
2278,41-64,67.29681510909028
2279,41-65,67.33460872682917
2280,41-66,67.17937451624742
2281,41-67,67.20038172059984
2282,41-68,67.09319787821799
2283,41-69,67.12069248144087
2284,41-70,67.16169870919619
2285,41-71,67.13827313594042
2286,41-72,67.10039062602215
2287,41-73,67.0370296724429
2288,41-74,67.0370296724429
2289,42-42,68.64402430192563
2290,42-43,68.48544072373126
2291,42-44,68.3166102176503
2292,42-45,67.88075488117794
2293,42-46,67.67524493263541
2294,42-47,67.513323044346
2295,42-48,67.50739944426336
2296,42-49,67.48814104984288
2297,42-50,67.47719614291918
2298,42-51,67.38472281745047
2299,42-52,67.39207197527183
2300,42-53,67.39986782616391
2301,42-54,67.45782702129563
2302,42-55,67.45634916997597
2303,42-56,67.42569483228851
2304,42-57,67.42409895270183
2305,42-58,67.36117562725431
2306,42-59,67.36786164686764
2307,42-60,67.3870020429473
2308,42-61,67.40775344008966
2309,42-62,67.41574873927168
2310,42-63,67.36732945339246
2311,42-64,67.34562587852315
2312,42-65,67.34709012708875
2313,42-66,67.22030034793671
2314,42-67,67.21756871573696
2315,42-68,67.22974184413829
2316,42-69,67.15107028601935
2317,42-70,67.13468722637099
2318,42-71,67.16398675735566
2319,42-72,67.1218406789272
2320,42-73,67.06442034609466
2321,42-74,67.06442034609466
2322,43-43,68.59944228632251
2323,43-44,68.36730551555992
2324,43-45,67.95411718562157
2325,43-46,67.8009488588507
2326,43-47,67.64854219609386
2327,43-48,67.65410692187173
2328,43-49,67.61185633379418
2329,43-50,67.5506684512511
2330,43-51,67.53092662827768
2331,43-52,67.53894271492051
2332,43-53,67.57397156464593
2333,43-54,67.50220520734611
2334,43-55,67.50829202297072
2335,43-56,67.44609373763473
2336,43-57,67.49443622318371
2337,43-58,67.48629416201479
2338,43-59,67.44718990111821
2339,43-60,67.48301596370277
2340,43-61,67.40694113267185
2341,43-62,67.31424202797866
2342,43-63,67.34816334723585
2343,43-64,67.31696937356635
2344,43-65,67.30827492843993
2345,43-66,67.23761442361081
2346,43-67,67.2432499092609
2347,43-68,67.21578883788932
2348,43-69,67.18847211282547
2349,43-70,67.20176200596953
2350,43-71,67.1985102010554
2351,43-72,67.1773492495869
2352,43-73,67.1036818534021
2353,43-74,67.1036818534021
2354,44-44,68.54919408472843
2355,44-45,68.09731983492172
2356,44-46,67.89764611076063
2357,44-47,67.67509368811648
2358,44-48,67.68547729253972
2359,44-49,67.75295246555598
2360,44-50,67.81852201319512
2361,44-51,67.65580345030611
2362,44-52,67.64768402643051
2363,44-53,67.67107147336422
2364,44-54,67.66183962161068
2365,44-55,67.77563680706429
2366,44-56,67.65088032257049
2367,44-57,67.65269112945963
2368,44-58,67.53479015904318
2369,44-59,67.62641446267098
2370,44-60,67.54396976224557
2371,44-61,67.559804090855
2372,44-62,67.4751876179829
2373,44-63,67.53287300814004
2374,44-64,67.42679122095596
2375,44-65,67.40461045856337
2376,44-66,67.34814443996031
2377,44-67,67.30048173787875
2378,44-68,67.30466386143726
2379,44-69,67.3196042156759
2380,44-70,67.31466725194976
2381,44-71,67.26573763834566
2382,44-72,67.31152123676594
2383,44-73,67.21031391421364
2384,44-74,67.21031391421364
2385,45-45,68.37640457129964
2386,45-46,68.22222965051951
2387,45-47,67.97752811687164
2388,45-48,68.02641470522175
2389,45-49,68.08045173869263
2390,45-50,67.98477152144689
2391,45-51,67.94192703499533
2392,45-52,67.95813732320515
2393,45-53,67.95344712979178
2394,45-54,67.99190636581231
2395,45-55,67.94236099673164
2396,45-56,67.90664778739594
2397,45-57,67.96438784966944
2398,45-58,67.81495709628103
2399,45-59,67.81606831744267
2400,45-60,67.83860702795717
2401,45-61,67.87047597066174
2402,45-62,67.77474497834513
2403,45-63,67.79259552668847
2404,45-64,67.72411472816535
2405,45-65,67.77905222502714
2406,45-66,67.67675291694852
2407,45-67,67.6883173609222
2408,45-68,67.65602265176238
2409,45-69,67.63013082850178
2410,45-70,67.58704134340242
2411,45-71,67.55675762551643
2412,45-72,67.58985983136775
2413,45-73,67.4730533818191
2414,45-74,67.4730533818191
2415,46-46,68.71621776628538
2416,46-47,68.61768106813312
2417,46-48,68.59729809218662
2418,46-49,68.70491682271103
2419,46-50,68.70772088043304
2420,46-51,68.72536882924881
2421,46-52,68.7696324404332
2422,46-53,68.78028208064364
2423,46-54,68.72975323559419
2424,46-55,68.75097726309424
2425,46-56,68.69036414134644
2426,46-57,68.6739930853004
2427,46-58,68.51033702301295
2428,46-59,68.53049980745809
2429,46-60,68.49680048419941
2430,46-61,68.49477780958817
2431,46-62,68.47273009657432
2432,46-63,68.46213130486166
2433,46-64,68.46541063677101
2434,46-65,68.47578557277367
2435,46-66,68.33561880903926
2436,46-67,68.29485941598169
2437,46-68,68.30920930793819
2438,46-69,68.39828056398211
2439,46-70,68.36803686439343
2440,46-71,68.3306464556255
2441,46-72,68.35583018522884
2442,46-73,68.34991129901134
2443,46-74,68.34991129901134
2444,47-47,68.56870370549387
2445,47-48,68.58261857579694
2446,47-49,68.74081557911748
2447,47-50,68.71647652968524
2448,47-51,68.69697625577007
2449,47-52,68.74805072578457
2450,47-53,68.81305219743652
2451,47-54,68.86186421308021
2452,47-55,68.81706198773503
2453,47-56,68.87512265234515
2454,47-57,68.86023134806821
2455,47-58,68.61709651979425
2456,47-59,68.60092691617179
2457,47-60,68.60183887334885
2458,47-61,68.56845465077097
2459,47-62,68.46260768683332
2460,47-63,68.49512302903914
2461,47-64,68.50859110573887
2462,47-65,68.51231957107183
2463,47-66,68.43725321936482
2464,47-67,68.37422838320475
2465,47-68,68.40550383210388
2466,47-69,68.38982162476637
2467,47-70,68.39337402377045
2468,47-71,68.3468285229614
2469,47-72,68.35102450060522
2470,47-73,68.36619865566486
2471,47-74,68.36619865566486
2472,48-48,68.77080820318045
2473,48-49,68.89243571826569
2474,48-50,68.85106870914458
2475,48-51,68.79150257804723
2476,48-52,68.75268328292492
2477,48-53,68.76890532196744
2478,48-54,68.70404272083431
2479,48-55,68.57980618294694
2480,48-56,68.71666966934507
2481,48-57,68.7380738356209
2482,48-58,68.62117738302874
2483,48-59,68.63999909020737
2484,48-60,68.6572927534739
2485,48-61,68.68686413567141
2486,48-62,68.56798526920913
2487,48-63,68.57144224273677
2488,48-64,68.53041313413264
2489,48-65,68.57049607641336
2490,48-66,68.50908694648862
2491,48-67,68.48863682561077
2492,48-68,68.4739281453397
2493,48-69,68.48792798509542
2494,48-70,68.50905445753014
2495,48-71,68.43796301955322
2496,48-72,68.46099607733218
2497,48-73,68.37414286922188
2498,48-74,68.37414286922188
2499,49-49,68.85371235892126
2500,49-50,68.90543223054314
2501,49-51,68.76518160758442
2502,49-52,68.7837097764747
2503,49-53,68.72322786315766
2504,49-54,68.71628833033189
2505,49-55,68.76180870689058
2506,49-56,68.70741770563157
2507,49-57,68.69545851234412
2508,49-58,68.52138365372834
2509,49-59,68.50326870387745
2510,49-60,68.56456271031085
2511,49-61,68.58016934877853
2512,49-62,68.56687826531855
2513,49-63,68.54421275603706
2514,49-64,68.59856500502059
2515,49-65,68.55609358828578
2516,49-66,68.51045366221544
2517,49-67,68.50009019378078
2518,49-68,68.500009297893
2519,49-69,68.55082826911347
2520,49-70,68.5479335598062
2521,49-71,68.56341335814177
2522,49-72,68.54223941468828
2523,49-73,68.46544957372015
2524,49-74,68.46544957372015
2525,50-50,68.65864910677104
2526,50-51,68.66772633367344
2527,50-52,68.72601260454317
2528,50-53,68.6846653810858
2529,50-54,68.65510457678185
2530,50-55,68.7329190442291
2531,50-56,68.65176204885123
2532,50-57,68.65953816304503
2533,50-58,68.50731482625623
2534,50-59,68.52862513863364
2535,50-60,68.56524076140909
2536,50-61,68.567029654889
2537,50-62,68.50854745051835
2538,50-63,68.54565916493142
2539,50-64,68.49821402484648
2540,50-65,68.49895231704129
2541,50-66,68.3639261834399
2542,50-67,68.34169208470546
2543,50-68,68.33138428843678
2544,50-69,68.34633527591774
2545,50-70,68.3866450376436
2546,50-71,68.33602116842127
2547,50-72,68.28576079041734
2548,50-73,68.21502056576558
2549,50-74,68.21502056576558
2550,51-51,68.79900092048499
2551,51-52,68.79888986225059
2552,51-53,68.83597375748249
2553,51-54,68.80314781501029
2554,51-55,68.75747424025599
2555,51-56,68.76706961553374
2556,51-57,68.78133662464609
2557,51-58,68.61622949924117
2558,51-59,68.66379493162063
2559,51-60,68.62430383922151
2560,51-61,68.64017032671734
2561,51-62,68.54772763708795
2562,51-63,68.56367581887837
2563,51-64,68.5118029267337
2564,51-65,68.45744780020094
2565,51-66,68.45036267676022
2566,51-67,68.45987818456558
2567,51-68,68.51976656312796
2568,51-69,68.48765358833882
2569,51-70,68.44658556916417
2570,51-71,68.43604998313643
2571,51-72,68.40353327393285
2572,51-73,68.3581744138458
2573,51-74,68.3581744138458
2574,52-52,68.79322423934677
2575,52-53,68.74705001568098
2576,52-54,68.81452614036228
2577,52-55,68.69028668926921
2578,52-56,68.61335512009164
2579,52-57,68.70658128271873
2580,52-58,68.54910542390373
2581,52-59,68.52474755282427
2582,52-60,68.52602950088311
2583,52-61,68.55316598963363
2584,52-62,68.55780482629343
2585,52-63,68.60305013345658
2586,52-64,68.50048336859312
2587,52-65,68.52869194456282
2588,52-66,68.43517583188307
2589,52-67,68.43795235353713
2590,52-68,68.45498366980894
2591,52-69,68.46260892412157
2592,52-70,68.43797442304074
2593,52-71,68.36157190263492
2594,52-72,68.31621999427048
2595,52-73,68.28497676465095
2596,52-74,68.28497676465095
2597,53-53,68.81185427624192
2598,53-54,68.80434449122806
2599,53-55,68.7269022550657
2600,53-56,68.69113085678936
2601,53-57,68.70803792164968
2602,53-58,68.52911192221244
2603,53-59,68.49970394768494
2604,53-60,68.48851142642178
2605,53-61,68.51889332206062
2606,53-62,68.59900300962511
2607,53-63,68.48964735153149
2608,53-64,68.33153852275935
2609,53-65,68.31029827417574
2610,53-66,68.44069067675811
2611,53-67,68.4199920949982
2612,53-68,68.4560918522321
2613,53-69,68.47725645298105
2614,53-70,68.40277734300247
2615,53-71,68.39803648196
2616,53-72,68.38236200419708
2617,53-73,68.24121504210503
2618,53-74,68.24121504210503
2619,54-54,68.79082664623854
2620,54-55,68.71521118599556
2621,54-56,68.75378712942157
2622,54-57,68.75586009455155
2623,54-58,68.6296478862617
2624,54-59,68.5964761883515
2625,54-60,68.56633048677206
2626,54-61,68.57023421923017
2627,54-62,68.64135494138318
2628,54-63,68.63943479173555
2629,54-64,68.574984230425
2630,54-65,68.53087407314159
2631,54-66,68.49546655178852
2632,54-67,68.47638126700068
2633,54-68,68.51464500415301
2634,54-69,68.46847830653246
2635,54-70,68.53553941458334
2636,54-71,68.46661870474358
2637,54-72,68.48139007767735
2638,54-73,68.3358378873525
2639,54-74,68.3358378873525
2640,55-55,68.73426779564984
2641,55-56,68.63538218318233
2642,55-57,68.6388322838778
2643,55-58,68.43318230950779
2644,55-59,68.4842925528108
2645,55-60,68.48236745314142
2646,55-61,68.46206451850088
2647,55-62,68.41068970266038
2648,55-63,68.17553359483385
2649,55-64,68.3932432152579
2650,55-65,68.25557080260319
2651,55-66,68.38181685571885
2652,55-67,68.41725980183233
2653,55-68,68.3871946407665
2654,55-69,68.38991159010777
2655,55-70,68.4040396915856
2656,55-71,68.35640857970982
2657,55-72,68.31232573811651
2658,55-73,68.32910387124942
2659,55-74,68.32910387124942
2660,56-56,68.71261592022802
2661,56-57,68.73997190238343
2662,56-58,68.55922977904656
2663,56-59,68.54332464112514
2664,56-60,68.53700675093333
2665,56-61,68.51655728128169
2666,56-62,68.44487064504949
2667,56-63,68.42158702809125
2668,56-64,68.34002468895936
2669,56-65,68.39880483713303
2670,56-66,68.2909149322785
2671,56-67,68.33538684161415
2672,56-68,68.31342388198999
2673,56-69,68.35043089289161
2674,56-70,68.29370786754599
2675,56-71,68.2902389384302
2676,56-72,68.27521498602096
2677,56-73,68.1879716524316
2678,56-74,68.1879716524316
2679,57-57,68.83036481264037
2680,57-58,68.6292237068668
2681,57-59,68.597399342009
2682,57-60,68.63760870661858
2683,57-61,68.61555674927008
2684,57-62,68.62428609580871
2685,57-63,68.55526728717511
2686,57-64,68.53162905453061
2687,57-65,68.48028065514218
2688,57-66,68.40710514431284
2689,57-67,68.43632722552837
2690,57-68,68.37041943490885
2691,57-69,68.37222924156838
2692,57-70,68.36846591709255
2693,57-71,68.34812612653032
2694,57-72,68.31309713965143
2695,57-73,68.32569654302635
2696,57-74,68.32569654302635
2697,58-58,68.5789598191388
2698,58-59,68.54731577518683
2699,58-60,68.58433046359829
2700,58-61,68.56574314356997
2701,58-62,68.55750947213883
2702,58-63,68.48036156517752
2703,58-64,68.46190495088373
2704,58-65,68.4088337442025
2705,58-66,68.32699007530735
2706,58-67,68.35197985230434
2707,58-68,68.28607438670804
2708,58-69,68.28554981037809
2709,58-70,68.27779551823419
2710,58-71,68.25606385833119
2711,58-72,68.22276201534262
2712,58-73,68.22484654445284
2713,58-74,68.22484654445284
2714,59-59,68.7274441847946
2715,59-60,68.76861217841923
2716,59-61,68.75637145077815
2717,59-62,68.7479562444566
2718,59-63,68.65002733676427
2719,59-64,68.65370801790664
2720,59-65,68.58994312285276
2721,59-66,68.49942003362024
2722,59-67,68.52433779207287
2723,59-68,68.4620203973933
2724,59-69,68.45811414335093
2725,59-70,68.45280314598928
2726,59-71,68.4446201733454
2727,59-72,68.40712464044618
2728,59-73,68.39621178217891
2729,59-74,68.39621178217891
2730,60-60,68.74981859860026
2731,60-61,68.79215376076658
2732,60-62,68.70484242158548
2733,60-63,68.64825381561924
2734,60-64,68.62254687489249
2735,60-65,68.59052539943694
2736,60-66,68.60217303357467
2737,60-67,68.60986381328307
2738,60-68,68.60727347409023
2739,60-69,68.55877604903333
2740,60-70,68.52033513303505
2741,60-71,68.47324772950601
2742,60-72,68.3965108058345
2743,60-73,68.35264962586824
2744,60-74,68.35264962586824
2745,61-61,68.79423255089951
2746,61-62,68.68807483120037
2747,61-63,68.59772930405931
2748,61-64,68.62136046256741
2749,61-65,68.57332650148595
2750,61-66,68.54031651518312
2751,61-67,68.49992223147592
2752,61-68,68.5229734101991
2753,61-69,68.53952400951275
2754,61-70,68.48670346514587
2755,61-71,68.50993837009287
2756,61-72,68.49701694657507
2757,61-73,68.423541683179
2758,61-74,68.423541683179
2759,62-62,68.73118676696322
2760,62-63,68.6475114535082
2761,62-64,68.60866344808662
2762,62-65,68.54415824609137
2763,62-66,68.46452489757866
2764,62-67,68.49873548391828
2765,62-68,68.51423115776254
2766,62-69,68.47696661378507
2767,62-70,68.40202694559899
2768,62-71,68.44791852735258
2769,62-72,68.4353335027917
2770,62-73,68.29875145429945
2771,62-74,68.29875145429945
2772,63-63,68.76190743110253
2773,63-64,68.7255378130449
2774,63-65,68.73671482247399
2775,63-66,68.5701718678613
2776,63-67,68.63391580428011
2777,63-68,68.61706001551079
2778,63-69,68.56647724071861
2779,63-70,68.53062820252599
2780,63-71,68.50332804637813
2781,63-72,68.50792958972019
2782,63-73,68.4359287932036
2783,63-74,68.4359287932036
2784,64-64,68.75886190178147
2785,64-65,68.69309447959114
2786,64-66,68.57778321006191
2787,64-67,68.60387819998084
2788,64-68,68.58426839887879
2789,64-69,68.54314086245644
2790,64-70,68.47485233170984
2791,64-71,68.46270163672243
2792,64-72,68.43191570022856
2793,64-73,68.40198676097519
2794,64-74,68.40198676097519
2795,65-65,68.74642366822428
2796,65-66,68.66911804734991
2797,65-67,68.64941314484089
2798,65-68,68.62133973136754
2799,65-69,68.65557113091369
2800,65-70,68.66756112692703
2801,65-71,68.58266773671534
2802,65-72,68.5870318383763
2803,65-73,68.48081281930183
2804,65-74,68.48081281930183
2805,66-66,68.69872365231853
2806,66-67,68.67888177933456
2807,66-68,68.6608841189232
2808,66-69,68.64342664400705
2809,66-70,68.6503000519286
2810,66-71,68.55379806825248
2811,66-72,68.56712984019813
2812,66-73,68.45910046674165
2813,66-74,68.45910046674165
2814,67-67,68.77261730795676
2815,67-68,68.76022791573735
2816,67-69,68.74580243535526
2817,67-70,68.73870018665788
2818,67-71,68.6443991715562
2819,67-72,68.64082345625945
2820,67-73,68.53268690855504
2821,67-74,68.53268690855504
2822,68-68,68.76875101157619
2823,68-69,68.74880701907703
2824,68-70,68.73691856783942
2825,68-71,68.69770670002056
2826,68-72,68.61310018828742
2827,68-73,68.57229126547419
2828,68-74,68.57229126547419
2829,69-69,68.79544243870018
2830,69-70,68.76754499050483
2831,69-71,68.70925533183122
2832,69-72,68.71093186219318
2833,69-73,68.62565528697377
2834,69-74,68.62565528697377
2835,70-70,68.75303709359838
2836,70-71,68.70219516838326
2837,70-72,68.72038134427679
2838,70-73,68.59189316967412
2839,70-74,68.59189316967412
2840,71-71,68.6698318977356
2841,71-72,68.72062360862434
2842,71-73,68.65650760798997
2843,71-74,68.65650760798997
2844,72-72,68.7803897062336
2845,72-73,68.71198561347231
2846,72-74,68.71198561347231
2847,73-73,68.73686974765859
2848,73-74,68.73686974765859
2849,74-74,68.77997726841986
