,0
0,68.7130651274363
1,68.35993479430543
2,68.600796911761
3,68.48431863452535
4,68.52933729335179
5,68.81636135882721
6,68.61708669863378
7,68.55705196873186
8,68.82830163876784
9,68.58862012742237
10,68.64113724947676
11,68.55479174297653
12,68.71505173138527
13,68.5041934271891
14,68.53578931572271
15,68.55208049422934
16,68.72932362610544
17,68.79332049669505
18,68.60146228011081
19,68.3706392892833
20,68.62584333639097
21,68.51419516443482
22,68.92080824224276
23,68.56918651773591
24,68.55908603200834
25,68.814107063489
26,68.63681748098836
27,68.58383240765417
28,68.81044590593646
29,68.84652904622416
30,68.67561502215825
31,68.64524600844815
32,68.6161224546846
33,68.38833531417211
34,68.70018226293926
35,68.5604986702561
36,68.62172424705079
37,68.72474983648114
38,68.76101165798636
39,68.50253218155319
40,68.7090919963271
41,68.76059243176134
42,68.46765274604195
43,68.70766098183087
44,68.40894705551656
45,68.57845530813428
46,68.75507157741254
47,68.65896059680658
48,68.73307316089313
49,68.62351293011464
50,68.66345518618806
51,68.75802466680751
52,68.79407719915484
53,68.53520978265382
54,68.53630637191746
55,68.70716760630192
56,68.38571759848519
57,68.77270756916822
58,68.82475894934298
59,68.61342159682827
60,68.81510988306195
61,68.53489256126505
62,68.7465355316505
63,68.65835183105723
64,68.5209737832228
65,68.6279070540256
66,68.6485978732476
67,68.74963012595255
68,68.71847326514758
69,68.71623652426678
70,68.62950095832869
71,68.6607462226538
72,68.60128815825821
73,68.7030880148645
74,68.50033763665222
75,68.75285126454057
76,68.59914482892371
77,68.8628891749766
78,68.54022976903245
79,68.86848807059671
80,68.67387964027307
81,68.72127068231988
82,68.51416483943943
83,68.7614436353847
84,68.53235641793816
85,68.5650375217914
86,68.5934865562207
87,68.81126159458137
88,68.61902793778218
89,68.48068954925311
90,68.35090722775313
91,68.70796609882903
92,68.83337031722712
93,68.39705465732246
94,68.70910646645434
95,68.41365061741185
96,68.80669918189848
97,68.33664861997669
98,68.77282438142859
99,68.2866691872844
100,68.75298749690928
101,68.5210968882075
102,68.69884288849825
103,68.62861961594298
104,68.74026643246911
105,68.66667496967918
106,68.31854425512128
107,68.79892192192543
108,68.76572289924943
109,68.65672129677637
110,68.69955377385594
111,68.78739635235787
112,68.42172486447424
113,68.75958026065734
114,68.36152016159251
115,68.76638109086576
116,68.53249699179277
117,68.5360053542712
118,68.74400421258937
119,68.56615918022871
120,68.3090946642139
121,68.52001076348826
122,68.60673740770973
123,68.47573028010554
124,68.5318886905293
125,68.56096047025439
126,68.66155125874334
127,68.73181607733142
128,68.71938822173405
129,68.73194217044838
130,68.55950925227309
131,68.56924502275147
132,68.55978757809198
133,68.35290596419149
134,68.6039117835765
135,68.70885331373204
136,68.50840049397799
137,68.06068530879281
138,68.81620252822655
139,68.79205993521546
140,68.31880397143837
141,68.63155915011751
142,68.31093517697357
143,68.52641832627783
144,68.69122033190068
145,68.63159586395714
146,68.55746152241039
147,68.5483061140421
148,68.77299294221439
149,68.74172833120099
150,68.04374183162668
151,68.36516632876393
152,68.63185382032167
153,68.57132764882483
154,68.53375064138304
155,68.40653891224918
156,68.77837050696193
157,68.7310071180833
158,68.37356526028888
159,68.62206862027033
160,68.50919394839654
161,68.4805849011987
162,68.67203316609738
163,68.76929659454855
164,68.7277005129738
165,68.61741072773357
166,68.5130129077278
167,68.6487811764941
168,68.46567431439827
169,68.41061723964258
170,68.56041715645419
171,68.50726087102646
172,68.54022401408442
173,68.64827501293014
174,68.81039397043101
175,68.71289936615673
176,68.67816175896303
177,68.8300664034513
178,68.64272694016698
179,68.63663735503495
180,68.54651937394357
181,68.4003802358456
182,68.77712144964634
183,68.6858404546032
184,68.62948231132283
185,68.77896438756302
186,68.48372431183047
187,68.74099837284572
188,68.44147050090032
189,68.59598332919933
190,68.83216007519009
191,68.62656653785928
192,68.5238637875231
193,68.5950714506339
194,68.76431277644708
195,68.74485466269653
196,68.62779741246483
197,68.6500078913274
198,68.6706102361402
199,68.64050646775452
200,68.35311630118552
201,68.86992281188704
202,68.50469622796071
203,68.66292273696034
204,68.71795447278582
205,68.56882062283111
206,68.8290096706823
207,68.54541500520077
208,68.53079924046519
209,68.70555970340142
210,68.70140207368406
211,68.24453542778868
212,68.79981839958039
213,68.62199164221192
214,68.35657282752395
215,68.71183290222292
216,68.40015131520065
217,68.67875006725346
218,68.6908301351868
219,68.65739657233642
220,68.67719351000049
221,68.74831645673225
222,68.86072957192788
223,68.71411607919138
224,68.79215376076658
225,68.66447687707374
226,68.73486643017401
227,68.73036860355538
228,68.51434557441458
229,68.48203763427863
230,68.73167950748346
231,68.74152622467929
232,68.56052526426704
233,68.60197324110584
234,68.55625563120958
235,68.70010486223097
236,68.77107683203295
237,68.72578760688562
238,68.79400318164681
239,68.52882614664057
240,68.61005955106127
241,68.66845664924848
242,68.85478450996993
243,68.66707275578531
244,68.76364663481768
245,68.40784589640833
246,68.5692690241085
247,68.51126076467693
248,68.6298337244213
249,68.46853124354486
250,68.24226694189824
251,68.63971537173407
252,68.57842013651633
253,68.51946243773448
254,68.55959624270655
255,68.36215057883066
256,68.78523634196837
257,68.70498676807159
258,68.55256828905627
259,68.44174665790467
260,68.75178665390551
261,68.60365086379032
262,68.70370108608128
263,68.74961296983201
264,68.37273819604876
265,68.49167974278598
266,68.5879960881034
267,68.80321423855771
268,68.31768459958035
269,68.75881886878241
270,68.87336218578939
271,68.69717950665542
272,68.42797276037935
273,68.78739496144952
274,68.50620162839161
275,68.47895487757
276,68.66388208830976
277,68.59412108742937
278,68.70379041599087
279,68.77710842865164
280,68.64562134707397
281,68.6424597746529
282,68.8376676708076
283,68.71288087938119
284,68.74868667864368
285,68.61279424104326
286,68.7355109895569
287,68.62264594228053
288,68.7831844254762
289,68.60360348035421
290,68.80473961849405
291,68.59864050229004
292,68.65363345092094
293,68.69970186490687
294,68.67920307299494
295,68.61511938517116
296,68.74943515874038
297,68.47683793958409
298,68.72405383343366
299,68.60834522098835
300,68.70285136517542
301,68.50398575411572
302,68.62452364994725
303,68.56187651740844
304,68.6867929017656
305,68.3919923321851
306,68.7183098252806
307,68.78867483004191
308,68.69644730050777
309,68.68074044124926
310,68.52371945563715
311,68.59001351412523
312,68.70254918955474
313,68.42546428573716
314,68.74673841396664
315,68.51396976345085
316,68.46934517241176
317,68.77001853004177
318,68.767460699808
319,68.59713026902249
320,68.62097481970672
321,68.75100543327727
322,68.76815228725886
323,68.72978321314076
324,68.84636936434767
325,68.65324476054367
326,68.67017655891452
327,68.54699472623057
328,68.63571847950824
329,68.58467082620847
330,68.69775216130283
331,68.72874885782518
332,68.70573913768537
333,68.66629074162141
334,68.54052916414355
335,68.77367199726643
336,68.63937551792255
337,68.79649165727119
338,68.74995772841037
339,68.74595511133822
340,68.72915737161229
341,68.39040473585591
342,68.687800493461
343,68.69964880949733
344,68.42029390641943
345,68.44305586991322
346,68.71561431789446
347,68.6814881579578
348,68.65311487868554
349,68.37558117885177
350,68.8965012138061
351,68.74456324269019
352,68.5553311577631
353,68.74868720774151
354,68.56016355421161
355,68.5706319671272
356,68.76694554608474
357,68.67769197104728
358,68.68482122360906
359,68.72176582774149
360,68.89641348623496
361,68.61054610659869
362,68.54190963984783
363,68.75274900220133
364,68.44045852442481
365,68.7026785616061
366,68.70918830005989
367,68.75027116023618
368,68.66792143804638
369,68.76765205630574
370,68.28801195507089
371,68.56277986926918
372,68.54967386190732
373,68.695365756327
374,68.74816458825906
375,68.75304271365444
376,68.3339619250303
377,68.61817595071267
378,68.69769555290762
379,68.60096691921672
380,68.70167896147399
381,68.54387726061098
382,68.83848790812202
383,68.59910635764457
384,68.73961104708839
385,68.40818600007896
386,68.65658065768672
387,68.45866174802494
388,68.46071862426182
389,68.81163392359247
390,68.64857121502556
391,68.70471505051917
392,68.70716317998021
393,68.72147292068374
394,68.48722714235801
395,68.7940408715199
396,68.38135259171209
397,68.42499639238106
398,68.75911229598081
399,68.64516530625238
400,68.77623475390004
401,68.73099326747882
402,68.38195999390355
403,68.86462115700847
404,68.70670709849182
405,68.51900908220829
406,68.63125951081805
407,68.71002368305906
408,68.53834204844725
409,68.6573644584901
410,68.57756910417353
411,68.48315751586249
412,68.35996256112867
413,68.66199724755808
414,68.6974852935881
415,68.41234200052544
416,68.64821078742727
417,68.65270274591231
418,68.40550153992987
419,68.61627887580993
420,68.68196375629371
421,68.68699199744141
422,68.51911800397136
423,68.6062951842773
424,68.36663310643043
425,68.82352502045495
426,68.77523402700716
427,68.47102623285724
428,68.76747722335864
429,68.56711472209703
430,68.68484839218695
431,68.68581988473868
432,68.73232937540108
433,68.71255859170404
434,68.66264992818192
435,68.612373775486
436,68.66352336945653
437,68.54974502846986
438,68.78347951550043
439,68.64260957419272
440,68.76991521247935
441,68.76517957089644
442,68.79926230739977
443,68.65991841565622
444,68.62267010855497
445,68.67955615401492
446,68.74961802105553
447,68.55299076386176
448,68.77287038327759
449,68.4581467715218
450,68.7184728287348
451,68.38201218722523
452,68.73462727222461
453,68.63896187805317
454,68.75797774567502
455,68.66531810201184
456,68.7454881560702
457,68.71841814476055
458,68.76227848652749
459,68.75527112452995
460,68.74939710975447
461,68.39158009481324
462,68.61205484091948
463,68.71843604806105
464,68.54354401531596
465,68.884984362088
466,68.56178098570447
467,68.62889575265949
468,68.95335266498012
469,68.62816417871029
470,68.54816945050442
471,68.56451595098258
472,68.55034556537241
473,68.99227278672433
474,68.57520805975985
475,68.7352173498266
476,68.56910247605424
477,68.54858961928005
478,68.63155935933592
479,68.42967141500245
480,68.45741870976647
481,68.27436435559305
482,68.63309345296376
483,68.49892221565244
484,68.6159800605819
485,68.66393478486987
486,68.57886541905367
487,68.50306218599307
488,68.64791400743346
489,68.7266777692501
490,68.68797633681929
491,68.67840148438361
492,68.6232964090095
493,68.70058072100822
494,68.56219974380619
495,68.76898220777153
496,68.37060029508761
497,68.15396241901605
498,68.7004549403864
499,68.61297811826297
500,68.96848834324958
501,68.77178145513687
502,68.75650877387442
503,68.47206705708976
504,68.73771600208423
505,68.45741859999983
506,68.5540612340148
507,68.72888024831713
508,68.76018389183784
509,68.70806434187143
510,68.67275658589158
511,68.67487204233593
512,68.40382708955508
513,68.7088109282001
514,68.22978736070958
515,68.77958316863263
516,68.3180216453703
517,68.60792894663528
518,68.62532966580311
519,68.39185785785914
520,68.62543833581046
521,68.7639795754529
522,68.27939727992505
523,68.81931135256455
524,68.5681815989716
525,68.68904336388263
526,68.51428128575522
527,68.81493089425196
528,68.11678891735252
529,68.58278562593168
530,68.48515969690105
531,68.51761694422913
532,68.66253529280289
533,68.62896715258354
534,68.34114940769565
535,68.61962075620409
536,68.59120044875637
537,68.72761263099125
538,68.70547427349479
539,68.64009142646049
540,68.61808142913033
541,68.40931482845704
542,68.60261466433394
543,68.67310410155784
544,68.78671128690874
545,68.73991424803594
546,68.61821558076123
547,68.72131104482847
548,68.54214101403454
549,68.83203498056253
550,68.73428388029292
551,68.73998624643082
552,68.59090946036773
553,68.72040967365758
554,68.62268869535706
555,68.43389710022117
556,68.67393858157722
557,68.76648324451901
558,68.49248619411837
559,68.59255753295639
560,68.41939648131655
561,68.50481783452057
562,68.50366978757198
563,68.73278605269888
564,68.3084020706909
565,68.7508880750914
566,68.8083108513763
567,68.30265820228267
568,68.58988867966704
569,68.76125772362
570,68.77666187528733
571,68.53369322576131
572,68.69742876491658
573,68.72678706958453
574,68.50029536086993
575,68.43013738847054
576,68.6726475385782
577,68.73876403878782
578,68.71029824652281
579,68.73234640018218
580,68.49488563907144
581,68.66364749342115
582,68.62308988419696
583,68.75473262281874
584,68.68148239633298
585,68.54572179343027
586,68.70714440565078
587,68.6986057886877
588,68.78138482401467
589,68.78216889154551
590,68.68920312201962
591,68.72777229956559
592,68.77212222842067
593,68.59801170554515
594,68.31676047498053
595,68.52549150779387
596,68.73128569800795
597,68.8264884928455
598,68.75446433282796
599,68.61420876481871
600,68.82352496886845
601,68.71004001767773
602,68.3075451952842
603,68.70215409270725
604,68.53962963196501
605,68.63161249825286
606,68.50332403680032
607,68.78124169253029
608,68.84159449260456
609,68.76160023020313
610,68.6091140961058
611,68.58771048380761
612,68.80510819552718
613,68.80861233324937
614,68.52121897642274
615,68.74662953705402
616,68.60667384324655
617,68.48932995860847
618,68.77545521038428
619,68.68867791988214
620,68.42557061572153
621,68.62981200704907
622,68.64119352613085
623,68.78489099808661
624,68.82459159434025
625,68.67442209505306
626,68.56864819941447
627,68.76975773889365
628,68.78455329990474
629,68.35162869708255
630,68.6793160191781
631,68.75502798767401
632,68.73042083377983
633,68.73986712484655
634,68.63194256863487
635,68.55457552848927
636,68.5559010781841
637,68.6206651165499
638,68.63569523113618
639,68.82005514033723
640,68.68889460237956
641,68.51962611106207
642,68.49164626452554
643,68.65350275842847
644,68.56234550628905
645,68.74457657376459
646,68.23424498073383
647,68.39513500644951
648,68.46914946577998
649,68.54107950965489
650,68.58983307694977
651,68.47892311153096
652,68.45013731262145
653,68.5935851380806
654,68.84860764513911
655,68.55244819091075
656,68.39710356734457
657,68.23470547010162
658,68.6268992499326
659,68.44911075912037
660,68.5068617552667
661,68.67769935209293
662,68.709101994293
663,68.72996219491458
664,68.75169260268108
665,68.51483345778131
666,68.61014759612429
667,68.71664295140882
668,68.7862745076311
669,68.57321912020247
670,68.71012918302843
671,68.65653791867837
672,68.65626218193144
673,68.57971347908249
674,68.75154042470436
675,68.7584650710106
676,68.74526257150268
677,68.68626877927119
678,68.40266451692611
679,68.74241264861091
680,68.54938201619491
681,68.2854474191092
682,68.70792897714112
683,68.80206901044834
684,68.61958298690276
685,68.6377504959525
686,68.74066528574063
687,68.45872753996555
688,68.70195761545729
689,68.80522416303984
690,68.66730997857553
691,68.53786992756827
692,68.57032273990345
693,68.74584820400494
694,68.37518747888667
695,68.78517761464258
696,68.50260584463933
697,68.76596100100579
698,68.55460352817929
699,68.67302021442325
700,68.79935898126742
701,68.81312338387102
702,68.56347082216764
703,68.43399102459668
704,68.51440509908598
705,68.36630406460613
706,68.76404998154982
707,68.60125242914759
708,68.7248482502338
709,68.48946558122998
710,68.56479164618504
711,68.80041192207072
712,68.76154342702152
713,68.74161475936096
714,68.7184418024057
715,68.8167884207164
716,68.65426653898086
717,68.6986840207634
718,68.5746886738713
719,68.60419738649061
720,68.40488373169096
721,68.58207223039791
722,68.44233724010782
723,68.26662261514443
724,68.68490991684648
725,68.31127341198389
726,68.7023738400007
727,68.72775668617238
728,68.51510229636602
729,68.6827601370715
730,68.60434739553368
731,68.80122212246404
732,68.72487867453334
733,68.73742245075117
734,68.85106870914458
735,68.67374827333607
736,68.69035549534301
737,68.7678302497579
738,68.58458640287095
739,68.68955626030052
740,68.30959770375404
741,68.555502810337
742,68.66083435092204
743,68.65790818127134
744,68.80959717168614
745,68.75798851371108
746,68.83373418092418
747,68.58127012709632
748,68.76730295311668
749,68.74015441314685
750,68.22753344783862
751,68.73585642741583
752,68.61151699262004
753,68.74542388472416
754,68.69479477176735
755,68.64511481470213
756,68.22825303932245
757,68.62769731310907
758,68.59836938750388
759,68.85155331109861
760,68.72988316326155
761,68.58127957457489
762,68.60521886691211
763,68.66695739197878
764,68.73308702526096
765,68.41849823855547
766,68.48075956242042
767,68.65881166310774
768,68.34496400271767
769,68.29660818314575
770,68.50315058880474
771,68.66671114019735
772,68.68521989064287
773,68.60371744311199
774,68.72080531611574
775,68.62560764602628
776,68.69803382254422
777,68.6556206703582
778,68.50459822671057
779,68.8161924135406
780,68.32141815177717
781,68.69470793829336
782,68.40609344944421
783,68.83699452367678
784,68.8333431127347
785,68.9852919579361
786,68.71375342450321
787,68.83516826379068
788,68.59828170233727
789,68.61559342919031
790,68.5571413150403
791,68.82495561486583
792,68.50005720833563
793,68.79110242504626
794,68.53295448727086
795,68.47040284449788
796,68.6695978742693
797,68.44497000590796
798,68.54162517252622
799,68.68557712499017
800,68.79533064906258
801,68.4586955717789
802,68.44461761169708
803,68.50392138608588
804,68.47133118794004
805,68.63862474207426
806,68.73454566820946
807,68.72342285915514
808,68.69778992244079
809,68.80053695448713
810,68.81507033165094
811,68.50972017623548
812,68.49576227474037
813,68.69095560294859
814,68.75405437386623
815,68.27650938046102
816,68.79798934334765
817,68.84177844434758
818,68.85427567943977
819,68.38191700561892
820,68.42434401256745
821,68.71888271384788
822,68.62315910674087
823,68.68409447444127
824,68.60262443175993
825,68.45453215079458
826,68.65365322460023
827,68.6328960201425
828,68.74501362979629
829,68.78121260061882
830,68.61193234182402
831,68.40826799796524
832,68.68146240084691
833,68.61109446698075
834,68.67737261890726
835,68.76155027499587
836,68.52661990532025
837,68.64445187732368
838,68.51801841088431
839,68.68085545721263
840,68.65125046040048
841,68.60378851087708
842,68.84550709881559
843,68.7969863615549
844,68.79776930279789
845,68.41671906810525
846,68.51863198974428
847,68.55102165203732
848,68.82679215658256
849,68.7072411473102
850,68.66577199509872
851,68.80747238108354
852,68.69771272617578
853,68.4969867740693
854,68.81321101651199
855,68.80982690751381
856,68.62152128771697
857,68.64102000598905
858,68.67862405045511
859,68.47345183932434
860,68.7509355227171
861,68.70087446637689
862,68.47816247341399
863,68.5356339342561
864,68.39001466271019
865,68.51422507374798
866,68.59418921451442
867,68.49888953461499
868,68.47500806052693
869,68.61083744493965
870,68.33443381008014
871,68.70511170375714
872,68.80421881194955
873,68.6032741401319
874,68.75552927908267
875,68.58650342750065
876,68.83704951584339
877,68.43164041115367
878,68.62554547104855
879,68.70199766840048
880,68.99789892957862
881,68.53499004857414
882,68.37785817749126
883,68.44894700885465
884,68.50809137034395
885,68.67401237189132
886,68.78766499109034
887,68.36103885378388
888,68.74847775943957
889,68.65611938620422
890,68.52466538698052
891,68.51975685674606
892,68.6953660986912
893,68.28785677529417
894,68.66726091091071
895,68.72768994745762
896,68.60493864266223
897,68.79490476743592
898,68.5268921301157
899,68.43773486967031
900,68.64963418567926
901,68.55347584800454
902,68.4712350502674
903,68.83415231607063
904,68.66034327125472
905,68.82980638556779
906,68.79591414732403
907,68.57608162033337
908,68.45903181574617
909,68.69202742489418
910,68.52317068712735
911,68.72182702679692
912,68.66776264548356
913,68.46481048972362
914,68.44960252394355
915,68.73711507409048
916,68.78697164415047
917,68.60713412123162
918,68.67561006969451
919,68.66418110187693
920,68.7132940213269
921,68.59245994443408
922,68.74118655535743
923,68.83040199160988
924,68.68009302786204
925,68.64278508198869
926,68.6210215435013
927,68.46823607263852
928,68.72877739506553
929,68.62006710302452
930,68.5013325049182
931,68.48942389509827
932,68.58651641859754
933,68.69268457231821
934,68.71524631484942
935,68.557086266494
936,68.42822484911557
937,68.73011742874903
938,68.70927368266418
939,68.43995984388354
940,68.78541529675587
941,68.76900740122049
942,68.7144159589604
943,68.61232068568413
944,68.64141947271672
945,68.65039347832081
946,68.70568180364414
947,68.48157334162104
948,68.4186894989508
949,68.64055447492
950,68.68149237724784
951,68.61683922774439
952,68.66208957763324
953,68.71065333965502
954,68.10009350156665
955,68.75130291884008
956,68.72900115867667
957,68.49939536473292
958,68.5388924136029
959,68.62876929427792
960,68.58316589821906
961,68.61799325612134
962,68.63985838394704
963,68.66858279774846
964,68.44992863325515
965,68.48255900537085
966,68.6711958675983
967,68.81697697428277
968,68.56668673687788
969,68.59296532880923
970,68.54962949232812
971,68.6581021083583
972,68.48518921037214
973,68.52359157893969
974,68.87695586188447
975,68.52614403141219
976,68.26166541163043
977,68.78581303745428
978,68.85239689387296
979,68.51108392611168
980,68.45020767338957
981,68.68953317898996
982,68.75320250210596
983,68.65024577648171
984,68.75635961100524
985,68.37078732096408
986,68.8516953534662
987,68.56065910927954
988,68.51517833293794
989,68.41986536190299
990,68.61371818289767
991,68.7731154748019
992,68.64145065850849
993,68.64657438004895
994,68.7279340933852
995,68.67662411083825
996,68.66480730567088
997,68.67487890934225
998,68.7411993499324
999,68.77957039163314
1000,68.81649567147234
1001,68.65186599829468
1002,68.61669514938404
1003,68.75494534482043
1004,68.76965576143354
1005,68.8061465336023
1006,68.6784227499241
1007,68.29857930608063
1008,68.57669479885796
1009,68.69081260422038
1010,68.66941248820709
1011,68.69179270405535
1012,68.24362578980931
1013,68.63072841045381
1014,68.58289487222065
1015,68.6181579515208
1016,68.731019307979
1017,68.74795723532345
1018,68.57869755669175
1019,68.75264990058993
1020,68.6940373670606
1021,68.7017001670984
1022,68.60777586177542
1023,68.4768308305985
1024,68.45424991727049
1025,68.67298924428853
1026,68.47119371726156
1027,68.36851999033456
1028,68.88932191758916
1029,68.66786765380317
1030,68.52440835802699
1031,68.75109291489943
1032,68.56815411156778
1033,68.67050585246977
1034,68.70409251075729
1035,68.54610629069681
1036,68.7946541036174
1037,68.70009324237614
1038,68.69656506779368
1039,68.79985541636768
1040,69.00262688094838
1041,68.76205896338008
1042,68.58525866981473
1043,68.62393195515433
1044,68.7942182293934
1045,68.75457877307586
1046,68.79194208622226
1047,68.62219496860108
1048,68.4654833614309
1049,68.53919945092925
1050,68.69372332320512
1051,68.53927921139068
1052,68.54643163294209
1053,68.61350663073767
1054,68.4076437953229
1055,68.7040066186467
1056,68.7463323252834
1057,68.54258563932689
1058,68.7123032446848
1059,68.82193048062388
1060,68.58804236097791
1061,68.24311948239324
1062,68.68350045523702
1063,68.58041229519594
1064,68.59470144979618
1065,68.6747481114217
1066,68.67267968731863
1067,68.6965029600681
1068,68.74329616572685
1069,68.78213214214546
1070,68.51819826924832
1071,68.36831200602958
1072,68.63206286350093
1073,68.7062153570737
1074,68.7276236861181
1075,68.754954084069
1076,68.53652767143778
1077,68.55752542823015
1078,68.62946731662929
1079,68.54149343902729
1080,68.73147997578023
1081,68.31991000759704
1082,68.24120063153137
1083,68.7114323500287
1084,68.49731152789944
1085,68.64532968123494
1086,68.57638297557226
1087,68.57460978763272
1088,68.61393858688366
1089,68.69522711609038
1090,68.58335674432894
1091,68.76622823664952
1092,68.73687687996278
1093,68.63872635992894
1094,68.88909254774376
1095,68.64740481527515
1096,68.74442458519938
1097,68.82069914238966
1098,68.56054024185694
1099,68.55673310842427
1100,68.83184836838893
1101,68.57781622564649
1102,68.79468516542099
1103,68.67174284101576
1104,68.50885136503145
1105,68.46587497717135
1106,68.64516955478385
1107,68.7841595176951
1108,68.71117165350462
1109,68.7246722862602
1110,68.36863135712863
1111,68.52040735937054
1112,68.71834355872568
1113,68.61511121407085
1114,68.6303293845196
1115,68.74267376337106
1116,68.55269688690386
1117,68.72837276431319
1118,68.80744357186737
1119,68.63525922980654
1120,68.59234870209046
1121,68.70987094025544
1122,68.58788936572054
1123,68.68408225763686
1124,68.8118424690346
1125,68.6197798539731
1126,68.70882729100975
1127,68.35018948649297
1128,68.711300451379
1129,68.7350093345546
1130,68.72180937933867
1131,68.80856316151906
1132,68.75013096232054
1133,68.62730066634629
1134,68.76693026347664
1135,68.60115409864626
1136,68.72009962193488
1137,68.68550998377052
1138,68.81696651361578
1139,68.3477116172419
1140,68.80563231042467
1141,68.6035712921403
1142,68.58591064659319
1143,68.57779729112006
1144,68.67425100254874
1145,68.53817164058911
1146,68.62798788411791
1147,68.79647855822132
1148,68.48348499861372
1149,68.7342891048347
1150,68.52955596096326
1151,68.41141702804528
1152,68.73915433591876
1153,68.55364913217994
1154,68.6680194847641
1155,68.59354241881263
1156,68.69715332987066
1157,68.65117877602151
1158,68.68404675447499
1159,68.51854248510077
1160,68.81667603573953
1161,68.63085696412284
1162,68.53232985777777
1163,68.75175028377072
1164,68.7536332840881
1165,68.75931630025664
1166,68.64141032001046
1167,68.72837995055643
1168,68.56946557683133
1169,68.72612904372343
1170,68.59600999339496
1171,68.82053749862843
1172,68.41573817069198
1173,68.75801889587454
1174,68.62378142242584
1175,68.26348731929951
1176,68.68532018430666
1177,68.55520402762579
1178,68.80534735820893
1179,68.47408144743355
1180,68.50747048575194
1181,68.65325332265049
1182,68.6262455515646
1183,68.72488685408318
1184,68.46434610853423
1185,68.75285642721012
1186,68.67692518300255
1187,68.6687698686426
1188,68.6173073658322
1189,68.88177646051427
1190,68.85394629207367
1191,68.7319625111752
1192,68.49497740039101
1193,68.62806884865081
1194,68.71871429193888
1195,68.49148917202513
1196,68.46642267606975
1197,68.72831531226632
1198,68.55392922373605
1199,68.56691033745656
1200,68.66941542747979
1201,68.74290907259642
1202,68.79879076581132
1203,68.33844839961044
1204,68.5170436269418
1205,68.52430918178534
1206,68.67222069479058
1207,68.63420757997962
1208,68.59974968912846
1209,68.42481193941356
1210,68.47889004589814
1211,68.2270663826396
1212,68.58298134516801
1213,68.74048848495511
1214,68.74191734891656
1215,68.36082298041771
1216,68.79716879602287
1217,68.59078664686636
1218,68.5001416045208
1219,68.6679648021243
1220,68.45319378668023
1221,68.7824905619579
1222,68.65242689249594
1223,68.681752943707
1224,68.77884294060429
1225,68.67291301584419
1226,68.32559139455078
1227,68.55187314777599
1228,68.60813424676412
1229,68.4765215310062
1230,68.50229420562715
1231,68.66652138854845
1232,68.44390835960536
1233,68.8108982209905
1234,68.76066203094663
1235,68.63954698648381
1236,68.69413731581795
1237,68.61431564385953
1238,68.7486903275659
1239,68.62617706450553
1240,68.72341410980567
1241,68.50913362998163
1242,68.73153776587795
1243,68.46399193979546
1244,68.59672488485562
1245,68.81119316885946
1246,68.82471372591236
1247,68.61984697366161
1248,68.5009420304334
1249,68.69877189234951
1250,68.66508055309865
1251,68.32096531425134
1252,68.73582188108877
1253,68.77567807787884
1254,68.64431721863662
1255,68.74048057849748
1256,68.72641945160089
1257,68.65075338347452
1258,68.54285276211952
1259,68.73899089750338
1260,68.61952936857135
1261,68.51361294742657
1262,68.58724858373783
1263,68.64785214112071
1264,68.68940776098944
1265,68.69226760235104
1266,68.65282918036868
1267,68.75400754851552
1268,68.53642358082604
1269,68.7872652322888
1270,68.679835896095
1271,68.4845161279996
1272,68.46575855671163
1273,68.17685350707174
1274,68.92308435624763
1275,68.62865337254759
1276,68.69379135427045
1277,68.74502560750845
1278,68.78258379840996
1279,68.7887601051044
1280,68.6705141569687
1281,68.89584151822078
1282,68.35356639946158
1283,68.65015078695073
1284,68.3528226020037
1285,68.72837904428152
1286,68.70819320472386
1287,68.60797830482169
1288,68.32226130689799
1289,68.66780191008954
1290,68.7304903890917
1291,68.53836583858485
1292,68.56223701117024
1293,68.58639249873644
1294,68.70689248578341
1295,68.7252561149479
1296,68.56924908994911
1297,68.66951052137996
1298,68.63806255026932
1299,68.68576003092763
1300,68.75760083792971
1301,68.64211622834104
1302,68.61576548246526
1303,68.73101104417671
1304,68.66617796231179
1305,68.4992876453188
1306,68.77816521776181
1307,68.34882406463065
1308,68.53128759949081
1309,68.49750268300465
1310,68.5563626913278
1311,68.71395218504026
1312,68.7054639731372
1313,68.63706162328356
1314,68.39976634260806
1315,68.67297288767986
1316,68.4715536919472
1317,68.49289413643564
1318,68.45865558867595
1319,68.82481358774791
1320,68.60455216571155
1321,68.71725687837123
1322,68.6631058138968
1323,68.66843505212248
1324,68.67683640409219
1325,68.77052305969002
1326,68.7024463042855
1327,68.77756318826995
1328,68.64720352500399
1329,68.38980304054168
1330,68.22407969780683
1331,68.33596176770588
1332,68.7743866995925
1333,68.70256392512313
1334,68.72895830749604
1335,68.57718062596902
1336,68.38949241865055
1337,68.60956259633332
1338,68.72113154214568
1339,68.64917274805545
1340,68.72109399405592
1341,68.70280003952607
1342,68.44568816494491
1343,68.62131808244463
1344,68.72880199531818
1345,68.77989137882832
1346,68.8688872215874
1347,68.69524474115505
1348,68.6198275284568
1349,68.80406356983785
1350,68.75315675444497
1351,68.59957043028345
1352,68.64413610516677
1353,68.66501177725517
1354,68.4569861506601
1355,68.52671739494966
1356,68.50077338476915
1357,68.708123464627
1358,68.7267674148019
1359,68.6839710445982
1360,68.65711194434283
1361,68.65828670254263
1362,68.55744722389147
1363,68.39877252235131
1364,68.50516923321625
1365,68.62744760883125
1366,68.77976505888182
1367,68.7834702336697
1368,68.49333787233945
1369,68.71558984881283
1370,68.73176833566254
1371,68.66700181036293
1372,68.77218508662644
1373,68.63124686429572
1374,68.61631607617133
1375,68.56858882573512
1376,68.43666172431342
1377,68.69254476282966
1378,68.49329724550913
1379,68.49577547716973
1380,68.55582978917133
1381,68.50856925772017
1382,68.34872981406997
1383,68.70002278079201
1384,68.67799498107999
1385,68.63566298118184
1386,68.70289612512528
1387,68.56729250488675
1388,68.54109373092554
1389,68.31282223047108
1390,68.69906367303476
1391,68.51256210612068
1392,68.7150753809787
1393,68.76600194755788
1394,68.66703216610117
1395,68.46943031394248
1396,68.55575736875306
1397,68.81581348745193
1398,68.7203335612674
1399,68.67275541544457
1400,68.6191553479066
1401,68.58427248479832
1402,68.67611699057639
1403,68.42336906400898
1404,68.56221722665568
1405,68.7401784317339
1406,68.48435621943321
1407,68.69838567045407
1408,68.76547312108696
1409,68.50953099578103
1410,68.5706933099618
1411,68.68523781893799
1412,68.47580813474339
1413,68.60646585566582
1414,68.6813525285298
1415,68.27631965678178
1416,68.58601325951206
1417,68.8293269933127
1418,68.76319162474942
1419,68.71880944407832
1420,68.79825686714479
1421,68.3783683200127
1422,68.59188673031966
1423,68.6716592119253
1424,68.69423439973177
1425,68.51776706680526
1426,68.51318728871321
1427,68.79397685489687
1428,68.28017098879135
1429,68.25053470805335
1430,68.67514500002605
1431,68.54020791068452
1432,68.44335429964342
1433,68.65845324778718
1434,68.71190150320669
1435,68.63528165623201
1436,68.65249686675983
1437,68.60097645141326
1438,68.64367860856373
1439,68.65804266320221
1440,68.71005417962594
1441,68.4994481751018
1442,68.75848256430346
1443,68.70172518241351
1444,68.529074606419
1445,68.85996467453175
1446,68.49364768682014
1447,68.67594214247721
1448,68.67326903211993
1449,68.64906595122015
1450,68.73717658171657
1451,68.63765355610353
1452,68.62462462057526
1453,68.42017874211004
1454,68.53758451321927
1455,68.49317374197251
1456,68.6937519347033
1457,68.33598656716686
1458,68.59547640061677
1459,68.69390677948189
1460,68.59038082508418
1461,68.45609212785509
1462,68.44304143265865
1463,68.53353000864793
1464,68.83985895183675
1465,68.60355717990535
1466,68.53279258775
1467,68.709850901901
1468,68.7064345596531
1469,68.65304779232552
1470,68.66924600019905
1471,68.74515818558949
1472,68.29741422609528
1473,68.66814710499199
1474,68.6140480707238
1475,68.78035798916457
1476,68.68938629007036
1477,68.56067549094176
1478,68.66998047968444
1479,68.50382947839375
1480,68.65580392727206
1481,68.54392223765878
1482,68.59747561063581
1483,68.81603655780035
1484,68.67779162516062
1485,68.70912204210038
1486,68.69542573982865
1487,68.33603980604035
1488,68.75142099823336
1489,68.52562727794098
1490,68.70764679696329
1491,68.47804071854526
1492,68.78637003967243
1493,68.78724480281826
1494,68.50512043312544
1495,68.78646250467469
1496,68.69420059090642
1497,68.56288275753963
1498,68.50419013184427
1499,68.70869593779409
1500,68.75153167550208
1501,68.40153656244962
1502,68.71742408969703
1503,68.63568744212432
1504,68.4656690364568
1505,68.84218857440486
1506,68.49355121692109
1507,68.78383414848707
1508,68.65277362767729
1509,68.64826127177905
1510,68.72982299944591
1511,68.50288537516501
1512,68.40043634100958
1513,68.76140659710127
1514,68.69462220393424
1515,68.76336789027887
1516,68.74776661140707
1517,68.75218606587144
1518,68.58554524821744
1519,68.68962768233092
1520,68.78227954430182
1521,68.54920256944749
1522,68.58944317265625
1523,68.4396654840223
1524,68.3087163473677
1525,68.68028912922422
1526,68.48700790803139
1527,68.6977248455972
1528,68.72549688869123
1529,68.6556721031038
1530,68.7910693828224
1531,68.56899169043527
1532,68.50507674550428
1533,68.76205385970103
1534,68.66743306115801
1535,68.6590413519016
1536,68.5338529026714
1537,68.81122681022815
1538,68.6215366897877
1539,68.8322771709677
1540,68.28716899229357
1541,68.73391392555385
1542,68.5257917157988
1543,68.51320811454654
1544,68.62162967047315
1545,68.59216281936628
1546,68.69147694237188
1547,68.82342191972555
1548,68.64549142448617
1549,68.36210320707134
1550,68.76084390697275
1551,68.57208621284424
1552,68.63104537301463
1553,68.63861037894053
1554,68.7001938853452
1555,68.67086591624421
1556,68.77730776635231
1557,68.71407362817527
1558,68.4841402722393
1559,68.77113240678054
1560,68.6131288382493
1561,68.36465322859456
1562,68.64537771292794
1563,68.51502581118493
1564,68.65313967309102
1565,68.7632522905629
1566,68.71405709456101
1567,68.56468086974994
1568,68.74701475353552
1569,68.51894460238147
1570,68.7816446348666
1571,68.76663928923604
1572,68.33840378937323
1573,68.35301524848863
1574,68.69766257416144
1575,68.69291810101245
1576,68.73031870632292
1577,68.36955132876805
1578,68.44104403609003
1579,68.53984926693705
1580,68.7317697559622
1581,68.84597603540954
1582,68.40841359800962
1583,68.01260129375393
1584,68.68071248051393
1585,68.4477426078354
1586,68.01444234871687
1587,68.34049693721416
1588,68.72848973903331
1589,68.7269022550657
1590,68.70544305326021
1591,68.63669074525325
1592,68.58682130813078
1593,68.58126268902394
1594,68.63877844928857
1595,68.42399732148935
1596,68.66032982074857
1597,68.55182808056263
1598,68.35900406060634
1599,68.24985953498447
1600,68.70808974165047
1601,68.68017445429241
1602,68.74736998708964
1603,68.60880358938174
1604,68.43913889729082
1605,68.65126770232281
1606,68.67123577998161
1607,68.73821034907974
1608,68.7169747105413
1609,68.65309147252485
1610,68.58511524147279
1611,68.5968989619902
1612,68.5079074260231
1613,68.50832873537477
1614,68.66444489527484
1615,68.03820424241002
1616,68.73248943450413
1617,68.62025521218695
1618,68.83773699384584
1619,68.56044330829884
1620,68.73056654818122
1621,68.70235934297652
1622,68.72816551647188
1623,68.36098213823318
1624,68.81614920641759
1625,68.38844764122992
1626,68.90904317636573
1627,68.54506990410049
1628,68.56935172790276
1629,68.56560140015188
1630,68.73265492807998
1631,68.756029875037
1632,68.77438613235152
1633,68.7242024091028
1634,68.57443428103856
1635,68.60852747003347
1636,68.28605441009718
1637,68.50002686202299
1638,68.85754912389413
1639,68.59122480243987
1640,68.64338497856349
1641,68.53899858784544
1642,68.72302256082318
1643,68.7327290642574
1644,68.66122735449188
1645,68.59311404232902
1646,68.81967440967685
1647,68.74088611716621
1648,68.61120330424819
1649,68.57217901248785
1650,68.71114727102056
1651,68.64850823228274
1652,68.4206304163656
1653,68.62428614185909
1654,68.65882294401116
1655,68.46980327992269
1656,68.65524778085005
1657,68.69463909284028
1658,68.70715924703997
1659,68.62736002811195
1660,68.80750206296436
1661,68.64980857325405
1662,68.53522314421731
1663,68.66381874588079
1664,68.43398033763243
1665,68.3010297801965
1666,68.66960780511293
1667,68.58456747463052
1668,68.20941818615242
1669,68.6980676163629
1670,68.43266470773844
1671,68.50694063680581
1672,68.40897522176645
1673,68.62578922897951
1674,68.77296415190885
1675,68.79264243694351
1676,68.71815681658744
1677,68.83043164354802
1678,68.47950265785934
1679,68.70566585414124
1680,68.67295800499194
1681,68.49569159522434
1682,68.6914791007333
1683,68.64690268246103
1684,68.712083357259
1685,68.61621130596849
1686,68.68463505145081
1687,68.5103081918378
1688,68.50677519263233
1689,68.295108862721
1690,68.48566062710414
1691,68.67420966115046
1692,68.71161091853686
1693,68.66663883385192
1694,68.76600864476056
1695,68.46576551048013
1696,68.64652822086839
1697,68.72824468470931
1698,68.73677818512932
1699,68.59936502469584
1700,68.54035085896066
1701,68.62899285918692
1702,68.70291121792033
1703,68.38748049478038
1704,68.42899138150155
1705,68.70714339964887
1706,68.61224053447394
1707,68.73008487100232
1708,68.77940558397093
1709,68.76117409131693
1710,68.74968399702448
1711,68.82082525203728
1712,68.81181721949343
1713,68.73974114078017
1714,68.60041511500923
1715,68.48455601754215
1716,68.59603669753811
1717,68.56826586128719
1718,68.66972269204157
1719,68.29739559066444
1720,68.75036021191997
1721,68.59256519151364
1722,68.858283548554
1723,68.54165581840064
1724,68.71425928636104
1725,68.76159655383384
1726,68.47201754397214
1727,68.59657516669515
1728,68.53985483810409
1729,68.41991353515431
1730,68.82885025549396
1731,68.59856847085689
1732,68.58248611367465
1733,68.41901874031902
1734,68.60340360065602
1735,68.50944625738633
1736,68.64923480585023
1737,68.59687223218434
1738,68.79901081254242
1739,68.75281631007442
1740,68.43851318824747
1741,68.4790581733963
1742,68.81612708550387
1743,68.80673244196988
1744,68.66404354015832
1745,68.72748350246344
1746,68.69082540406322
1747,68.70093733976546
1748,68.74688263132505
1749,68.70117229992242
1750,68.5212159200877
1751,68.37767650627036
1752,68.6554369879739
1753,68.54403796827977
1754,68.54537129439775
1755,68.73891884363798
1756,68.70727701844113
1757,68.5876103325403
1758,68.43671707561609
1759,68.54731235094394
1760,68.77269728302593
1761,68.8433959538942
1762,68.62275630097837
1763,68.47641510468526
1764,68.72441456902065
1765,68.51855945105221
1766,68.62245173738893
1767,68.09513899033223
1768,68.60751547809272
1769,68.78088001268875
1770,68.76898676924729
1771,68.83044888579194
1772,68.47667138148462
1773,68.66680521002408
1774,68.69444261401522
1775,68.55333291099616
1776,68.74869678769372
1777,68.52029353868103
1778,68.52856317997428
1779,68.63453264416137
1780,68.6558954228169
1781,68.60134892768315
1782,68.50213820040733
1783,67.7309030235414
1784,66.60658709819273
1785,66.2739784075105
1786,67.12685055387576
1787,66.97604849765197
1788,66.67685714036817
1789,67.64696497574764
1790,67.17044211263048
1791,67.65395605038249
1792,66.22022241644736
1793,67.53950039004492
1794,67.74020007746266
1795,66.63262792838816
1796,66.58346430278421
1797,66.76024176526047
1798,67.53786167877306
1799,66.21562813630014
1800,67.46021465375172
1801,67.70373036035863
1802,66.8501749002362
1803,66.294852951229
1804,66.16087936995133
1805,67.1326447504032
1806,67.21855307592823
1807,66.91086304780357
1808,67.68289768250126
1809,67.96389928370424
1810,66.32818415288396
1811,67.27261375522609
1812,66.58356271658586
1813,67.76192287857144
1814,66.22510911594262
1815,67.18049512214053
1816,66.65735828649078
1817,66.39651776595169
1818,66.87112527038968
1819,67.54280112778682
1820,66.15290222845647
1821,66.41746892100707
1822,67.61255322115045
1823,67.08419590386832
1824,66.30525352813537
1825,66.6760060474738
1826,67.1455364135488
1827,66.05980562125204
1828,66.45691661894529
1829,67.71804811438437
1830,67.51701979092405
1831,67.29106509942548
1832,66.53585759201079
1833,67.41997376288434
1834,66.47648533306037
1835,67.18007666534356
1836,66.4611680177142
1837,67.08339200426423
1838,67.12582640315148
1839,66.98193905798527
1840,67.9530129255392
1841,66.86331263141152
1842,66.92991095207775
1843,67.88359015379723
1844,66.73802608817364
1845,66.75619631361307
1846,66.43310543237578
1847,67.88557988239124
1848,67.08847694576995
1849,66.44669187243873
1850,67.92578914173106
1851,67.45806450634572
1852,66.93942388915866
1853,67.19377902810706
1854,67.76787266399518
1855,66.27745753575888
1856,67.43636528986163
1857,66.53881234857162
1858,66.57253736530258
1859,67.43303260196059
1860,67.80591255930972
1861,66.86343485412154
1862,67.76193165373097
1863,67.48383381903217
1864,66.70887172850655
1865,67.16253355839682
1866,67.07249067273098
1867,67.39995560907862
1868,67.03169544017452
1869,67.67604385499463
1870,67.31675331235334
1871,67.13601871159374
1872,66.6708702237637
1873,67.44638749207498
1874,67.0504230466041
1875,66.73123828770969
1876,66.97297412115921
1877,67.28310150414418
1878,67.27586668518923
1879,66.72734012699281
1880,65.98740343575166
1881,67.33607033833559
1882,66.21642215930557
1883,65.42292455290844
1884,66.79081156079351
1885,67.61762125899006
1886,66.36541278675837
1887,67.44804621654565
1888,66.82516307486632
1889,66.44869909086175
1890,67.8199667579247
1891,66.96393489969792
1892,66.69705604634892
1893,66.26683147164731
1894,67.13845131376048
1895,66.96926321575476
1896,67.50101608810736
1897,67.46679200622727
1898,67.36508685168403
1899,67.19197870530435
1900,67.57865688743996
1901,67.63333222056814
1902,67.21186081432296
1903,67.89505241058237
1904,67.48065423031836
1905,66.50785498009722
1906,66.81126718801005
1907,66.47858456440396
1908,66.6934228270316
1909,66.27528000265193
1910,66.21684728122868
1911,67.46726803045344
1912,67.28771434569516
1913,67.3509004022182
1914,67.17223415509439
1915,66.4048185872304
1916,66.32135098898144
1917,67.79418978396285
1918,67.15246444790185
1919,67.28255385817351
1920,66.41198559160408
1921,67.10902842173796
1922,66.89296291308898
1923,67.33225631601269
1924,66.93738904262517
1925,66.7358172683901
1926,67.26205010047065
1927,67.73437728262681
1928,67.49010521287688
1929,66.12188347033768
1930,67.48062882869088
1931,67.68798235081833
1932,67.42908447491696
1933,67.20671009957219
1934,67.05902229186181
1935,67.07788411273043
1936,66.01928408264057
1937,66.80394731583453
1938,66.7822190423041
1939,66.9752597562433
1940,66.79752307077551
1941,67.44381190725571
1942,67.51207578144921
1943,66.3105294133973
1944,66.9636725125688
1945,67.27197295280419
1946,66.92854907155497
1947,66.24578116225355
1948,67.52743495412672
1949,67.76726761634256
1950,66.90227570834001
1951,67.46170152757766
1952,67.50110998276288
1953,66.38259071904467
1954,67.57895792593247
1955,67.62329996793451
1956,66.39855005635121
1957,67.6761969565814
1958,66.8348887611717
1959,66.6383224785277
1960,67.10736163391641
1961,67.07291561424238
1962,67.65826452429613
1963,66.16360360404879
1964,66.47620660869737
1965,66.90549074579354
1966,66.91976155511489
1967,67.4518255387963
1968,67.82402201665676
1969,66.60186821433558
1970,66.05352539445639
1971,67.87227062651536
1972,67.85709491684469
1973,67.27865266700154
1974,66.36716422121926
1975,67.41607688846202
1976,67.62090775329102
1977,66.40715230601634
1978,67.05558654954899
1979,67.57468232320481
1980,67.3242745593478
1981,67.38628231615584
1982,66.83619778580946
1983,67.33038512222738
1984,66.86861704061538
1985,66.443286337315
1986,67.2380743757581
1987,66.98988379683333
1988,67.4965818906718
1989,66.8686331780941
1990,67.43971496591728
1991,66.92187169335743
1992,67.56606810560363
1993,65.97796795475965
1994,66.78387282976665
1995,66.51821864057929
1996,67.2429780242604
1997,67.48801812318874
1998,66.50784701344237
1999,67.03327532598692
2000,66.80465899551716
2001,66.54708274608112
2002,67.55545637793573
2003,66.45568642115414
2004,66.79113518189487
2005,67.58671789047683
2006,67.42170931594467
2007,67.0744742123267
2008,66.97745069800918
2009,67.29447832623252
2010,67.2110687587251
2011,67.22105103689422
2012,67.08168630279864
2013,67.23846843524053
2014,66.80202948709683
2015,67.21525290142667
2016,66.79429011187517
2017,67.11681277092288
2018,67.6051745599229
2019,67.88263563557597
2020,67.27149508213091
2021,67.5731262957945
2022,67.48110885030945
2023,67.00935782706968
2024,66.4612123215946
2025,66.27824407514532
2026,67.6152730902036
2027,66.27403565121718
2028,67.84225993672294
2029,66.86590920458086
2030,66.69892752965178
2031,67.09080831828503
2032,67.1794204852311
2033,67.64017380188334
2034,67.02353465694993
2035,67.49297129607135
2036,67.92921909687384
2037,67.29050833833539
2038,67.06984569721071
2039,66.54134017948266
2040,67.3878269229758
2041,67.50292068657802
2042,66.33075857615978
2043,67.31066422454066
2044,67.72996968398446
2045,67.56880097531447
2046,67.44572073864322
2047,67.21959640128644
2048,67.64498708338424
2049,66.62286816255343
2050,67.77800242778252
2051,67.8102808714759
2052,67.78769823537615
2053,66.87837802952696
2054,67.36547259370843
2055,67.22262444248462
2056,67.76676371536414
2057,68.15444694965322
2058,66.5055413434818
2059,67.3932644669452
2060,66.88529206118491
2061,67.09052164768156
2062,66.94292017145193
2063,67.18490923197417
2064,66.16796770856934
2065,67.86823620173634
2066,67.53633417314278
2067,66.13802312789824
2068,66.72906899709513
2069,66.60189811659363
2070,66.57323844695775
2071,66.25266044409524
2072,66.47596205015478
2073,67.71087036155296
2074,67.82106434135483
2075,68.17423383679066
2076,67.06016296439287
2077,67.58662184420803
2078,66.23166123231098
2079,67.53642725776196
2080,67.27167454327704
2081,67.17904226110355
2082,67.4720160906796
2083,67.24672305049899
2084,66.54121424202654
2085,66.63348041517396
2086,66.84554729151225
2087,67.03986032859908
2088,67.0736451529874
2089,66.1949972853405
2090,67.09007205805742
2091,66.39704159905791
2092,66.74420215987364
2093,66.54466318125102
2094,66.80786723559962
2095,67.24807065755162
2096,67.7059146771143
2097,67.92547702528675
2098,65.26694187235394
2099,67.37011743585727
2100,67.36632349595618
2101,67.40775455035455
2102,66.90715927198282
2103,66.82573163120182
2104,66.2279428006951
2105,66.82140791340592
2106,65.87013527814402
2107,67.25031552086193
2108,66.90871828052981
2109,67.81380305709017
2110,67.34571238682709
2111,67.07041293275589
2112,66.70426361422955
2113,66.66105982634764
2114,67.72102475766094
2115,68.00306024427046
2116,67.6358208378858
2117,66.91597146923239
2118,66.85657488042358
2119,66.95176547259757
2120,67.09538700488646
2121,66.66647977027556
2122,67.51040620915802
2123,67.21640905147979
2124,67.76102562680981
2125,66.6823517560801
2126,67.53111204046628
2127,66.62838278715107
2128,67.55780828887123
2129,66.655715873463
2130,67.10362656121124
2131,67.54245420824262
2132,67.45754226754971
2133,67.81713791981969
2134,66.47759177966336
2135,67.64680715384614
2136,67.44019115277739
2137,66.56703770807634
2138,67.89865711300597
2139,67.91353793769999
2140,67.87893595847301
2141,67.56824643640185
2142,66.84431389538737
2143,66.51928335421735
2144,66.85902865623717
2145,66.40255713049135
2146,67.06768715795756
2147,66.66400766635186
2148,66.46466250749747
2149,66.64969037244404
2150,66.51582193501991
2151,66.42061852230098
2152,66.54030594708419
2153,67.04989153644
2154,67.1860849284694
2155,68.00097331066247
2156,66.70097389163818
2157,67.8275147587504
2158,67.2772799583143
2159,66.6340289166991
2160,67.19547830983923
2161,67.84199875291627
2162,67.73100530600652
2163,67.07850979913445
2164,67.18934562535725
2165,67.09051636569937
2166,66.96591467646778
2167,67.07959159864326
2168,65.68344946109528
2169,67.48930701668753
2170,66.52267731603371
2171,67.89585414912217
2172,66.26053909456256
2173,67.28699828648872
2174,67.84815030151537
2175,67.96996561434486
2176,66.43138724609014
2177,67.50020376592873
2178,67.51423144858913
2179,67.65118686841357
2180,67.40605695160762
2181,67.40998147562938
2182,67.02629718511281
2183,66.94955266666923
2184,66.74667812849778
2185,66.54880098669781
2186,67.0145611257443
2187,67.26714959587706
2188,66.9674743361675
2189,67.49520143644094
2190,66.45285759563093
2191,66.2126460449089
2192,66.56242189510706
2193,65.69616998497206
2194,67.91355637147123
2195,66.37489044819105
2196,68.14638864369249
2197,66.65525114412205
2198,66.78691572324003
2199,66.97692945992253
2200,67.44361930707456
2201,66.86874472820344
2202,66.93819421161278
2203,66.90377441165421
2204,66.76600729761812
2205,67.89511558963122
2206,67.78531414099149
2207,66.83334885454724
2208,66.9653617737503
2209,66.41050114091578
2210,67.31587738971119
2211,67.20513300048003
2212,66.92376175602205
2213,66.92073637390513
2214,66.81136924642048
2215,66.97400866016936
2216,67.7246185532148
2217,67.11284182084276
2218,66.8210729596998
2219,67.08814577022551
2220,67.18190835232002
2221,66.51996720268272
2222,66.61390312154681
2223,67.49904389573437
2224,66.77819680801227
2225,67.23281403986458
2226,66.03199030526069
2227,67.60522804608497
2228,66.97426907282302
2229,67.32228950592692
2230,67.52541264640395
2231,66.28807655330588
2232,67.64257658116249
2233,67.24549509371758
2234,66.96566741378925
2235,66.15763595351467
2236,67.61711937821887
2237,67.10088946094397
2238,67.20171110814896
2239,67.0725988344862
2240,66.22480814123931
2241,66.62008188412216
2242,67.90553280309571
2243,67.89440027226907
2244,67.98076417494492
2245,67.6216534196108
2246,66.84116395023257
2247,66.82023819560396
2248,67.3372617121641
2249,68.09974830733852
2250,66.61458584592435
2251,66.6925790599088
2252,67.61270732895245
2253,66.37345053537074
2254,66.52384620351228
2255,66.82321212388203
2256,67.75407855598097
2257,67.43099878760074
2258,66.99151925143325
2259,66.20499975064953
2260,67.72652801443306
2261,66.13484340430333
2262,67.68701537930511
2263,66.62357424816511
2264,67.40495307982849
2265,66.40437561799321
2266,66.94876017155187
2267,67.81917395666561
2268,66.48491537967878
2269,66.81981633765635
2270,67.40131416084719
2271,66.89704263613766
2272,66.96335198730077
2273,66.30427092752727
2274,66.55713180700269
2275,67.48371252503122
2276,67.13738448942604
2277,67.2028749287011
2278,66.86866663237548
2279,67.69605594630822
2280,67.46499183961176
2281,65.74655948699231
2282,67.51139116307921
2283,66.57503738276236
2284,67.35134032549766
2285,66.47731318038745
2286,66.65340543606119
2287,66.33277099300238
2288,67.77583091551311
2289,67.62328368752377
2290,67.70459307624239
2291,67.2218408239037
2292,67.23431489342957
2293,67.61158819856277
2294,66.3216004217546
2295,66.38590948140218
2296,66.9549281271698
2297,66.62960705365649
2298,66.98704541023172
2299,67.4755495600326
2300,67.76905190101343
2301,67.62749339563258
2302,66.49195857095836
2303,67.87460224546425
2304,67.64091357064424
2305,66.99068760847067
2306,67.06098485333396
2307,66.69814548932304
2308,67.16009019056013
2309,66.85343876693402
2310,65.9651558026288
2311,66.20406341093671
2312,67.27441208217006
2313,66.95990376717023
2314,66.20227862706886
2315,65.79781431174554
2316,67.46743551486644
2317,67.5309555719075
2318,67.34977575120396
2319,66.68653596223082
2320,67.55749049791338
2321,67.4242641075665
2322,66.54153953637531
2323,66.70774421263852
2324,67.2701966009232
2325,67.48012120376836
2326,66.66764485118163
2327,66.60547575722457
2328,66.78062241521097
2329,66.56726637904752
2330,67.86435952696117
2331,66.2787700484496
2332,66.55749609507201
2333,66.8045974205869
2334,67.27052311525452
2335,67.02283422787832
2336,66.61863821105685
2337,67.18496358626015
2338,66.80376873103768
2339,66.6904537144392
2340,67.58688741726706
2341,68.08603778328116
2342,67.36091482448454
2343,66.75872858987282
2344,66.60929983228641
2345,66.54220831549496
2346,65.80857573153551
2347,66.67470892328812
2348,66.38916948731797
2349,66.74424824351262
2350,66.91808663680058
2351,66.8092676487269
2352,67.33746427342237
2353,67.34558530332436
2354,67.3921631001407
2355,67.80682053179633
2356,66.73059043234937
2357,66.71949473421375
2358,67.68811918130976
2359,66.81731171378637
2360,66.81843366214741
2361,66.54101604862113
2362,66.5131043183111
2363,67.50597250817695
2364,67.62561960414162
2365,68.0819530915842
2366,66.3197817671854
2367,67.16868232527993
2368,67.65395651556106
2369,66.5231582822931
2370,66.46188711021267
2371,66.50865453981709
2372,66.82616112914434
2373,67.68709919288511
2374,66.99387389644174
2375,66.35049897668668
2376,67.81692254150427
2377,66.55169116816231
2378,66.66329480188364
2379,66.98242841073217
2380,67.59570290745519
2381,67.06441631927422
2382,67.61217081363799
2383,67.59085171353821
2384,67.77327526882466
2385,66.34501676854792
2386,67.47345260977859
2387,66.95931200666088
2388,67.23706458273831
2389,67.96608432881762
2390,66.93187282917107
2391,67.7290079966716
2392,66.88851499832033
2393,67.35113200594382
2394,67.23427689245074
2395,67.45830358571888
2396,67.11992974109788
2397,67.11179292536296
2398,67.82764773720297
2399,67.24765122433915
2400,67.62093723873747
2401,66.06843757729851
2402,67.04703912348943
2403,67.94073456066958
2404,67.03603905847501
2405,66.18662268873963
2406,67.272639255634
2407,67.57249981135783
2408,65.9946184720151
2409,67.22984299369723
2410,67.93031274406788
2411,67.01145020781419
2412,66.44583534338861
2413,66.96669608522916
2414,67.4953733205194
2415,66.50557814404985
2416,67.7947964268783
2417,66.57862679375607
2418,67.91221870534571
2419,67.59305781856766
2420,67.3377332615368
2421,66.35782611987337
2422,67.16349768508015
2423,67.18541989689155
2424,66.59074014373478
2425,66.34593196606698
2426,67.19182512287512
2427,67.84786432647859
2428,68.2663525986136
2429,67.41782564982292
2430,67.01066184716574
2431,66.9622191568106
2432,66.46973161399575
2433,67.62043078035491
2434,66.88988814941229
2435,67.37147821579043
2436,66.28957073328165
2437,67.18439275598833
2438,67.85025316162854
2439,67.86788817492419
2440,67.79695389145225
2441,66.41658473538814
2442,67.4682063028239
2443,67.2161536263404
2444,67.26025057038478
2445,67.52063438534456
2446,66.98788064725993
2447,67.08020454089811
2448,66.27130525662346
2449,66.7412388925692
2450,67.24940530049803
2451,66.95640343985436
2452,67.16958004978895
2453,66.23401377883447
2454,67.56893037947353
2455,66.88368189277996
2456,66.80679785751423
2457,67.20792859558378
2458,67.56953098391456
2459,67.14366541810195
2460,66.8967031176939
2461,66.22782207912367
2462,66.58785054239786
2463,66.57199990554237
2464,66.57197415361622
2465,67.78670079629107
2466,66.86225449845395
2467,67.91551131379407
2468,67.12782241105673
2469,66.85985161215773
2470,66.33536588524818
2471,67.3912931334527
2472,67.50871325161832
2473,66.81343391859421
2474,67.75774493994135
2475,67.48911545283556
2476,66.70525443632219
2477,66.25785820075278
2478,66.58574510708009
2479,67.04246901149577
2480,66.74534444673719
2481,67.2248461650092
2482,67.45817693643455
2483,67.71680166934331
2484,67.04749440446871
2485,66.76680785385108
2486,67.70824510483827
2487,67.54406486505594
2488,66.66969893763827
2489,66.64072328931266
2490,66.77046695716183
2491,66.86952683230284
2492,67.43629436835977
2493,67.60714313429335
2494,66.36354265897346
2495,67.44922230910473
2496,66.75151038189438
2497,67.03980546934393
2498,67.39531836258554
2499,67.08913846234117
2500,66.04411957010232
2501,67.86059807913401
2502,67.60311932396677
2503,67.4878676434202
2504,67.16098073998388
2505,66.48995384710574
2506,66.53700006825028
2507,67.78691001778387
2508,66.49489606242676
2509,66.06136617969317
2510,66.91066025506129
2511,67.44787566127327
2512,67.33817764231527
2513,67.22322171779517
2514,66.12936538248397
2515,66.65254779386058
2516,66.90267677777217
2517,66.76613028449285
2518,66.38833887913314
2519,67.08002543178009
2520,67.50916275351972
2521,66.71654843483554
2522,66.09095398756331
2523,67.03666343622533
2524,66.33170771444354
2525,67.37084025045188
2526,67.95549031454756
2527,66.77077113567542
2528,67.59865639085609
2529,66.39989282646108
2530,66.65059434256102
2531,67.51585891755116
2532,67.71825092727663
2533,67.07511569148889
2534,67.61075609288667
2535,66.14145084288853
2536,66.27564403710424
2537,68.21864472127868
2538,66.90409715511412
2539,67.49813741100836
2540,67.10732480620109
2541,67.74086469435694
2542,66.74913361913404
2543,66.96917035872349
2544,67.2057102787287
2545,67.75628178814841
2546,67.533468273911
2547,67.02808675317462
2548,67.68018110933853
2549,67.16640470507087
2550,67.68523669947658
2551,67.73409352040242
2552,66.8226131730127
2553,67.96383491344959
2554,67.47173463165413
2555,67.28679127938378
2556,67.38820490661695
2557,66.89252593154576
2558,66.80213211154579
2559,66.49524134662727
2560,67.23167578677062
2561,66.44670393458205
2562,67.26845753142207
2563,67.3278615148276
2564,67.12026304518076
2565,67.16734465546551
2566,66.03021075469518
2567,67.91815965515464
2568,66.15050505085726
2569,66.74480216348731
2570,67.46921876874549
2571,66.78644817102499
2572,67.46354186940934
2573,66.62202960528545
2574,67.31608558959286
2575,66.25160674585732
2576,67.18687462097846
2577,66.78776574187029
2578,66.50120242908793
2579,67.23332873350296
2580,66.74197314822679
2581,67.34266243847406
2582,67.40853063043619
2583,67.22089299921336
2584,67.54484273697229
2585,67.15242050096552
2586,66.96433661401328
2587,67.2051505743995
2588,67.2773095880239
2589,67.72917411812244
2590,67.3113701357106
2591,67.12600776870984
2592,67.44181673362355
2593,65.87994432735996
2594,67.13391398054264
2595,67.59049463007204
2596,67.33100066085278
2597,66.95037104801449
2598,67.89831222322331
2599,67.04715117379469
2600,67.06788643222129
2601,67.59937321810924
2602,67.42520899676333
2603,66.7129786267427
2604,67.27053013958837
2605,67.34206846955225
2606,67.60115194040972
2607,67.332368654838
2608,66.88880379755014
2609,67.48540176262901
2610,66.18501275337596
2611,66.3909108804424
2612,67.52372551613013
2613,66.45182861228658
2614,68.0546038109522
2615,67.60044110615588
2616,66.8492123772921
2617,67.7106574952295
2618,67.52716374668073
2619,66.67549969328017
2620,67.60402963944455
2621,67.82047709428333
2622,66.42857712825148
2623,66.83098850788049
2624,66.1194701604551
2625,66.96052839582745
2626,65.77021497854068
2627,66.81279137101383
2628,67.67648706318622
2629,66.491631106467
2630,66.77109284013115
2631,66.93610644258085
2632,67.30089147559565
2633,66.71418253739537
2634,66.77365377278865
2635,67.75645653537507
2636,66.2411173841501
2637,66.68702699418876
2638,66.95646864093526
2639,67.78509066842875
2640,67.81038191209625
2641,66.77870388456175
2642,66.73304291849756
2643,67.95319171469366
2644,66.4593032809974
2645,66.86965603058556
2646,67.45466984797773
2647,66.73986738486786
2648,66.78492859271327
2649,65.67310453608542
2650,67.88369178381602
2651,67.42443858010488
2652,66.54661934984067
2653,66.30281198981616
2654,66.62673213186096
2655,67.2019315993235
2656,66.77161233668956
2657,66.8461558092742
2658,67.18730628744878
2659,66.81851646437966
2660,67.6393032081375
2661,67.56761687960663
2662,66.34726312861704
2663,67.41163545161216
2664,66.74353641587204
2665,66.77019528484459
2666,66.41387014999214
2667,66.96054422272815
2668,66.63777403708202
2669,67.06098270114886
2670,67.34250560456287
2671,67.76464407423674
2672,67.25934739080441
2673,67.48117840952759
2674,67.832721341238
2675,66.72349587639845
2676,66.46453010101602
2677,67.5106368285216
2678,67.06687409072462
2679,67.64938542829928
2680,67.40027644296237
2681,66.7080732376609
2682,67.52228882847169
2683,67.55802190347507
2684,66.37589046783759
2685,66.40792813368097
2686,67.289157163629
2687,67.14071547520629
2688,68.17453518832495
2689,66.94205706378426
2690,66.75690771663919
2691,66.97943162749353
2692,67.00247679472665
2693,67.58409536394
2694,67.78473498922544
2695,66.99350667699748
2696,67.71211614726269
2697,66.35942441434335
2698,66.81242644025532
2699,67.23955806348181
2700,67.5831686649938
2701,67.44380043115765
2702,66.82146276112192
2703,66.44898341071304
2704,67.08567448535491
2705,66.65290512013897
2706,66.67770045576809
2707,65.89193040126314
2708,66.62778418854978
2709,67.01558960577393
2710,66.1932602357908
2711,65.84439566740345
2712,67.14638104513024
2713,66.6134542224864
2714,66.89674113538335
2715,67.41098698313101
2716,66.87160937567175
2717,66.52186211514478
2718,67.70399860925778
2719,67.26106717004782
2720,67.03064939660925
2721,67.03102765566662
2722,67.96766859489098
2723,66.99273107738566
2724,67.25735557977106
2725,67.66946743335936
2726,67.37658441960251
2727,67.2263054036788
2728,66.46145066616239
2729,67.44776709419386
2730,67.92474426560857
2731,66.93563741272561
