,op_name,tensor_idx,num_elements,stddev,mean_error,max_abs_error,mean_squared_error,scale,zero_point,tensor_name,range,rmse/scale
0,CONV_2D,307,11829248.0,0.12260011,-0.005382515,0.76407176,0.015086927,0.37275138,12,model_1/bnorm_0/FusedBatchNormV3;model_1/conv_2/Conv2D;model_1/conv_0/Conv2D,95.05160190000001,0.32951951103085314
1,LEAKY_RELU,311,11829248.0,0.04577526,-0.001547055,0.11593727,0.002114017,0.18842618,-100,model_1/leaky_0/LeakyRelu,48.0486759,0.24401301666210057
2,PAD,315,11868192.0,0.0,0.0,0.0,0.0,0.18842618,-100,model_1/zero_padding2d_1/Pad,48.0486759,0.0
3,CONV_2D,319,5914624.0,0.11157496,-0.0009272592,0.33548942,0.012453315,0.3867021,7,model_1/bnorm_1/FusedBatchNormV3;model_1/conv_9/Conv2D;model_1/conv_1/Conv2D,98.6090355,0.2885798186862857
4,LEAKY_RELU,323,5914624.0,0.055196043,0.0014925033,0.12574689,0.003072194,0.20302613,-102,model_1/leaky_1/LeakyRelu,51.77166315,0.2730061194959406
5,CONV_2D,327,2957312.0,0.07840566,0.0021530422,0.37871405,0.00615311,0.2648924,24,model_1/bnorm_2/FusedBatchNormV3;model_1/conv_2/Conv2D,67.547562,0.29612688713005575
6,LEAKY_RELU,331,2957312.0,0.0343883,-0.010012508,0.076064646,0.0012860586,0.12291452,-95,model_1/leaky_2/LeakyRelu,31.3432026,0.29176096682439123
7,CONV_2D,335,5914624.0,0.096810624,0.000631805,0.36732733,0.009373921,0.32694727,13,model_1/bnorm_3/FusedBatchNormV3;model_1/conv_9/Conv2D;model_1/conv_3/Conv2D,83.37155385,0.2961303563195753
8,LEAKY_RELU,339,5914624.0,0.050429642,-0.020707319,0.101967916,0.0029723032,0.16476873,-100,model_1/leaky_3/LeakyRelu,42.01602615,0.33088094715018007
9,ADD,343,5914624.0,0.05204414,-0.011024433,0.10614886,0.0028344188,0.21244803,-101,model_1/add_1/add,54.174247650000005,0.25059898154752325
10,PAD,347,5953600.0,0.0,0.0,0.0,0.0,0.21244803,-101,model_1/zero_padding2d_2/Pad,54.174247650000005,0.0
11,CONV_2D,351,2957312.0,0.059037894,-0.00069769355,0.24766375,0.0034860473,0.20186974,0,model_1/bnorm_5/FusedBatchNormV3;model_1/conv_103/Conv2D;model_1/conv_5/Conv2D,51.4767837,0.2924794881839561
12,LEAKY_RELU,355,2957312.0,0.032038298,-0.0013889598,0.0690166,0.0010300621,0.11070072,-105,model_1/leaky_5/LeakyRelu,28.2286836,0.2899220577734226
13,CONV_2D,359,1478656.0,0.028544238,-0.0005326777,0.108910725,0.0008152063,0.09441295,-4,model_1/bnorm_6/FusedBatchNormV3;model_1/conv_9/Conv2D;model_1/conv_6/Conv2D,24.07530225,0.3024142112446105
14,LEAKY_RELU,363,1478656.0,0.015799263,-0.0031910988,0.03260759,0.00025987305,0.053213492,-106,model_1/leaky_6/LeakyRelu,13.569440460000001,0.3029415634584998
15,CONV_2D,367,2957312.0,0.045760054,-0.0010478974,0.14742152,0.0020951426,0.15583575,28,model_1/bnorm_7/FusedBatchNormV3;model_1/conv_103/Conv2D;model_1/conv_7/Conv2D,39.73811625,0.293724178745905
16,LEAKY_RELU,371,2957312.0,0.019542307,-0.009940538,0.039921496,0.0004813304,0.0699854,-93,model_1/leaky_7/LeakyRelu,17.846277,0.31348314617077455
17,ADD,375,2957312.0,0.029127417,-0.019163484,0.05558014,0.0012184486,0.11118905,-103,model_1/add_2/add,28.35320775,0.31393633727460923
18,CONV_2D,379,1478656.0,0.045566,0.0007425128,0.18365425,0.002076944,0.14773068,37,model_1/bnorm_9/FusedBatchNormV3;model_1/conv_9/Conv2D,37.6713234,0.3084904305080258
19,LEAKY_RELU,383,1478656.0,0.017939812,-0.006262657,0.037891462,0.00036108063,0.061502352,-88,model_1/leaky_9/LeakyRelu,15.683099760000001,0.3089657729453856
20,CONV_2D,387,2957312.0,0.054569498,-0.0005597142,0.20985937,0.0029783186,0.18417706,4,model_1/bnorm_10/FusedBatchNormV3;model_1/conv_103/Conv2D;model_1/conv_10/Conv2D,46.9651503,0.2963125464726709
21,LEAKY_RELU,391,2957312.0,0.029730262,-0.006177999,0.05728597,0.00092299224,0.09836131,-103,model_1/leaky_10/LeakyRelu,25.082134049999997,0.30886928356182497
22,ADD,395,2957312.0,0.02333752,-0.009043472,0.05643671,0.00062974216,0.111394055,-103,model_1/add_3/add,28.405484025,0.2252783056926881
23,PAD,399,2996352.0,0.0,0.0,0.0,0.0,0.111394055,-103,model_1/zero_padding2d_3/Pad,28.405484025,0.0
24,CONV_2D,403,1478656.0,0.036599122,0.00057100266,0.1677091,0.001339868,0.12181549,-15,model_1/bnorm_12/FusedBatchNormV3;model_1/conv_104/Conv2D;model_1/conv_12/Conv2D,31.06294995,0.3004889395300936
25,LEAKY_RELU,407,1478656.0,0.021278312,-3.2197648e-05,0.040967084,0.00045282126,0.07341759,-109,model_1/leaky_12/LeakyRelu,18.721485450000003,0.2898433096295481
26,CONV_2D,411,739328.0,0.0313938,-0.0003772226,0.1281261,0.0009858253,0.10265684,27,model_1/bnorm_13/FusedBatchNormV3;model_1/conv_103/Conv2D;model_1/conv_13/Conv2D,26.177494199999998,0.30585253766118453
27,LEAKY_RELU,415,739328.0,0.013678193,-0.0037553264,0.028584588,0.00020122911,0.046348356,-94,model_1/leaky_13/LeakyRelu,11.81883078,0.3060631678985207
28,CONV_2D,419,1478656.0,0.02540659,-0.00013051766,0.08328435,0.00064553693,0.08626531,21,model_1/bnorm_14/FusedBatchNormV3;model_1/conv_104/Conv2D;model_1/conv_14/Conv2D,21.997654049999998,0.2945264880918336
29,LEAKY_RELU,423,1478656.0,0.012453913,-0.003891016,0.024680905,0.00017028961,0.041037012,-97,model_1/leaky_14/LeakyRelu,10.464438059999999,0.31799357421351093
30,ADD,427,1478656.0,0.024146054,-0.0059172516,0.039606024,0.0006205106,0.07598062,-101,model_1/add_4/add,19.3750581,0.32784741925769756
31,CONV_2D,431,739328.0,0.034371726,0.0022805964,0.14257479,0.0011866943,0.109775625,19,model_1/bnorm_16/FusedBatchNormV3;model_1/conv_103/Conv2D;model_1/conv_16/Conv2D,27.992784375,0.3138076378279166
32,LEAKY_RELU,435,739328.0,0.014950817,-0.006279996,0.0316475,0.0002631056,0.052750174,-97,model_1/leaky_16/LeakyRelu,13.45129437,0.30749718855812924
33,CONV_2D,439,1478656.0,0.02806551,0.000110581444,0.11011613,0.0007876942,0.095817,14,model_1/bnorm_17/FusedBatchNormV3;model_1/conv_104/Conv2D;model_1/conv_17/Conv2D,24.433335,0.29291138659864435
34,LEAKY_RELU,443,1478656.0,0.012767371,-0.0073647397,0.02852556,0.00021726149,0.047688697,-99,model_1/leaky_17/LeakyRelu,12.160617735,0.3090835704608178
35,ADD,447,1478656.0,0.022769807,-0.0050635147,0.038145993,0.00054479844,0.07527431,-103,model_1/add_5/add,19.194949049999998,0.31007813581747895
36,CONV_2D,451,739328.0,0.030795416,0.00031197374,0.16352311,0.0009485798,0.093986735,13,model_1/bnorm_19/FusedBatchNormV3;model_1/conv_103/Conv2D;model_1/conv_19/Conv2D,23.966617425,0.3276954211864896
37,LEAKY_RELU,455,739328.0,0.012397878,-0.00580908,0.029416678,0.00018750309,0.04712899,-100,model_1/leaky_19/LeakyRelu,12.017892450000002,0.2905467901606026
38,CONV_2D,459,1478656.0,0.032825135,2.8497978e-05,0.15548527,0.0010775144,0.11296755,4,model_1/bnorm_20/FusedBatchNormV3;model_1/conv_104/Conv2D;model_1/conv_20/Conv2D,28.80672525,0.29057472226888353
39,LEAKY_RELU,463,1478656.0,0.017007666,-0.0025754953,0.035450123,0.00029602295,0.06035469,-103,model_1/leaky_20/LeakyRelu,15.39044595,0.28507009963906454
40,ADD,467,1478656.0,0.022462646,-0.0033179577,0.044326805,0.0005159128,0.07843958,-103,model_1/add_6/add,20.002092899999997,0.28956955046327687
41,CONV_2D,471,739328.0,0.033983316,-0.00025878748,0.13750339,0.0011549953,0.10800137,1,model_1/bnorm_22/FusedBatchNormV3;model_1/conv_103/Conv2D;model_1/conv_22/Conv2D,27.54034935,0.3146739878234958
42,LEAKY_RELU,475,739328.0,0.01796103,-0.0021954586,0.03630167,0.00032809132,0.05890113,-104,model_1/leaky_22/LeakyRelu,15.01978815,0.3075202674814246
43,CONV_2D,479,1478656.0,0.02907166,-0.0009545816,0.12565097,0.00084609626,0.09891884,3,model_1/bnorm_23/FusedBatchNormV3;model_1/conv_104/Conv2D;model_1/conv_23/Conv2D,25.2243042,0.2940565603166851
44,LEAKY_RELU,483,1478656.0,0.015365389,-0.0036189365,0.03281686,0.00024925137,0.053220645,-104,model_1/leaky_23/LeakyRelu,13.571264475,0.29664610025155946
45,ADD,487,1478656.0,0.022144582,-0.0029369954,0.039611995,0.0004995114,0.07897594,-99,model_1/add_7/add,20.1388647,0.2829944369952777
46,CONV_2D,491,739328.0,0.03173102,-0.00064780144,0.159865,0.0010073533,0.10106735,5,model_1/bnorm_25/FusedBatchNormV3;model_1/conv_103/Conv2D;model_1/conv_25/Conv2D,25.77217425,0.3140364275013982
47,LEAKY_RELU,495,739328.0,0.01640863,-0.0045532,0.03347267,0.0002900722,0.053686135,-103,model_1/leaky_25/LeakyRelu,13.689964425000001,0.317242172471383
48,CONV_2D,499,1478656.0,0.035310123,-0.00043131397,0.14735067,0.0012470278,0.11964042,1,model_1/bnorm_26/FusedBatchNormV3;model_1/conv_104/Conv2D;model_1/conv_26/Conv2D,30.5083071,0.2951617922089228
49,LEAKY_RELU,503,1478656.0,0.018964143,-0.004958828,0.039829426,0.0003843873,0.064982705,-104,model_1/leaky_26/LeakyRelu,16.570589775000002,0.3017079330866731
50,ADD,507,1478656.0,0.031873297,0.0021822935,0.056115277,0.0010206938,0.11072565,-104,model_1/add_8/add,28.23504075,0.2885356632293485
51,CONV_2D,511,739328.0,0.033464372,-0.0010352535,0.14127345,0.0011209929,0.11004209,-5,model_1/bnorm_28/FusedBatchNormV3;model_1/conv_103/Conv2D;model_1/conv_28/Conv2D,28.06073295,0.3042584165402834
52,LEAKY_RELU,515,739328.0,0.018790705,-0.0029464269,0.037334155,0.00036212816,0.062410004,-106,model_1/leaky_28/LeakyRelu,15.91455102,0.304913700412941
53,CONV_2D,519,1478656.0,0.051242705,0.00013595186,0.19476268,0.0026258624,0.17514822,-19,model_1/bnorm_29/FusedBatchNormV3;model_1/conv_104/Conv2D;model_1/conv_29/Conv2D,44.6627961,0.292570311596048
54,LEAKY_RELU,523,1478656.0,0.03344209,-0.009661238,0.06530355,0.0012118611,0.10762865,-110,model_1/leaky_29/LeakyRelu,27.445305750000003,0.3234435758022873
55,ADD,527,1478656.0,0.037434142,0.0008428642,0.0649684,0.0014021313,0.13002467,-103,model_1/add_9/add,33.156290850000005,0.2879841473989485
56,CONV_2D,531,739328.0,0.037157517,-0.00014105934,0.13170843,0.0013807339,0.12481827,-30,model_1/bnorm_31/FusedBatchNormV3;model_1/conv_103/Conv2D;model_1/conv_31/Conv2D,31.82865885,0.29769862930328117
57,LEAKY_RELU,535,739328.0,0.024754098,-0.0021576278,0.049703196,0.00061766035,0.08180646,-113,model_1/leaky_31/LeakyRelu,20.8606473,0.30379964476005755
58,CONV_2D,539,1478656.0,0.05205431,0.00018592668,0.24923088,0.002709796,0.17598952,-15,model_1/bnorm_32/FusedBatchNormV3;model_1/conv_104/Conv2D;model_1/conv_32/Conv2D,44.8773276,0.2957886409178962
59,LEAKY_RELU,543,1478656.0,0.030969003,-0.007145602,0.052965764,0.0010101966,0.10550491,-109,model_1/leaky_32/LeakyRelu,26.903752049999998,0.3012522365602464
60,ADD,547,1478656.0,0.042028423,0.002472094,0.08018056,0.0017726711,0.14329657,-103,model_1/add_10/add,36.540625350000006,0.29381792485280134
61,CONV_2D,551,739328.0,0.040885817,0.000539201,0.13605174,0.0016719794,0.13847037,-18,model_1/bnorm_34/FusedBatchNormV3;model_1/conv_103/Conv2D;model_1/conv_34/Conv2D,35.30994435,0.295296710083262
62,LEAKY_RELU,555,739328.0,0.025275266,-0.0037740571,0.05232452,0.00065379165,0.084877156,-110,model_1/leaky_34/LeakyRelu,21.643674779999998,0.3012512555880901
63,CONV_2D,559,1478656.0,0.077697866,0.00090930134,0.2746821,0.00603782,0.2730239,-12,model_1/bnorm_35/FusedBatchNormV3;model_1/conv_104/Conv2D;model_1/conv_35/Conv2D,69.6210945,0.28460296142045677
64,LEAKY_RELU,563,1478656.0,0.049353585,-0.002869656,0.098426186,0.002444719,0.16111664,-108,model_1/leaky_35/LeakyRelu,41.0847432,0.3068838808276452
65,ADD,567,1478656.0,0.053342793,0.0003307281,0.097797446,0.0028458408,0.18415271,-103,model_1/add_11/add,46.95894105,0.2896857861090826
66,PAD,571,1517824.0,0.0,0.0,0.0,0.0,0.18415271,-103,model_1/zero_padding2d_4/Pad,46.95894105,0.0
67,CONV_2D,575,739328.0,0.04339155,-0.0001708493,0.14685333,0.0018828762,0.14739485,-29,model_1/bnorm_37/FusedBatchNormV3;model_1/conv_92/Conv2D;model_1/conv_37/Conv2D,37.58568675,0.29439374173994154
68,LEAKY_RELU,579,739328.0,0.029446647,-0.007537376,0.059102274,0.00092415046,0.09582105,-113,model_1/leaky_37/LeakyRelu,24.43436775,0.31725641799688403
69,CONV_2D,583,369664.0,0.034098312,0.0003242648,0.16554672,0.0011628976,0.112580016,-5,model_1/bnorm_38/FusedBatchNormV3;model_1/conv_104/Conv2D;model_1/conv_38/Conv2D,28.707904080000002,0.30290708462226407
70,LEAKY_RELU,587,369664.0,0.01889772,-0.0022030983,0.039137628,0.0003621508,0.06360661,-106,model_1/leaky_38/LeakyRelu,16.219685549999998,0.2991868315860449
71,CONV_2D,591,739328.0,0.023105612,0.0011681088,0.089487515,0.0005352451,0.078062445,7,model_1/bnorm_39/FusedBatchNormV3;model_1/conv_92/Conv2D;model_1/conv_39/Conv2D,19.905923474999998,0.2963699728375025
72,LEAKY_RELU,595,739328.0,0.011956201,0.00011180431,0.025260571,0.00014297056,0.04083586,-102,model_1/leaky_39/LeakyRelu,10.4131443,0.2928070997280588
73,ADD,599,739328.0,0.029313106,0.017436149,0.048398018,0.0011640001,0.096816085,-110,model_1/add_12/add,24.688101675,0.3523943948362494
74,CONV_2D,603,369664.0,0.03408226,0.0005703984,0.13791634,0.0011619757,0.11473996,-18,model_1/bnorm_41/FusedBatchNormV3;model_1/conv_104/Conv2D;model_1/conv_41/Conv2D,29.2586898,0.2970871235017512
75,LEAKY_RELU,607,369664.0,0.020632604,-0.003848316,0.043682784,0.00044073747,0.07000304,-110,model_1/leaky_41/LeakyRelu,17.8507752,0.29989766666083595
76,CONV_2D,611,739328.0,0.023059607,0.00015643548,0.07413288,0.00053177454,0.078382626,16,model_1/bnorm_42/FusedBatchNormV3;model_1/conv_92/Conv2D;model_1/conv_42/Conv2D,19.98756963,0.2942008756642746
77,LEAKY_RELU,615,739328.0,0.010846233,-0.005810268,0.023446826,0.00015141012,0.038472556,-99,model_1/leaky_42/LeakyRelu,9.81050178,0.31983531216348726
78,ADD,619,739328.0,0.027665144,0.0054018465,0.048489083,0.0007957189,0.097069554,-109,model_1/add_13/add,24.75273627,0.2906007980296163
79,CONV_2D,623,369664.0,0.037555728,0.00041324514,0.13306943,0.0014106373,0.12743707,2,model_1/bnorm_44/FusedBatchNormV3;model_1/conv_104/Conv2D;model_1/conv_44/Conv2D,32.496452850000004,0.29472155769532227
80,LEAKY_RELU,627,369664.0,0.020474143,-0.004353766,0.04240745,0.00043846617,0.06902251,-104,model_1/leaky_44/LeakyRelu,17.60074005,0.3033732590534918
81,CONV_2D,631,739328.0,0.02588526,-0.00012811185,0.10725957,0.00067007315,0.08777687,13,model_1/bnorm_45/FusedBatchNormV3;model_1/conv_92/Conv2D;model_1/conv_45/Conv2D,22.383101850000003,0.2949042405823819
82,LEAKY_RELU,635,739328.0,0.012546456,-0.006755314,0.027537733,0.00020306538,0.044129428,-100,model_1/leaky_45/LeakyRelu,11.25300414,0.3229160607355545
83,ADD,639,739328.0,0.029309066,0.0087985005,0.047977448,0.0009394107,0.09577663,-107,model_1/add_14/add,24.42304065,0.32001342606723393
84,CONV_2D,643,369664.0,0.030060759,0.00034197082,0.12035426,0.0009038069,0.10049192,-8,model_1/bnorm_47/FusedBatchNormV3;model_1/conv_104/Conv2D;model_1/conv_47/Conv2D,25.6254396,0.29916217522773103
85,LEAKY_RELU,647,369664.0,0.01717992,-0.006124267,0.035681445,0.0003326725,0.05800693,-107,model_1/leaky_47/LeakyRelu,14.79176715,0.31443332613494007
86,CONV_2D,651,739328.0,0.026904678,-0.0003640093,0.14153059,0.00072401605,0.090803914,-18,model_1/bnorm_48/FusedBatchNormV3;model_1/conv_92/Conv2D;model_1/conv_48/Conv2D,23.15499807,0.2963258427304213
87,LEAKY_RELU,655,739328.0,0.016037745,-0.0038688716,0.034125566,0.00027222867,0.055465806,-110,model_1/leaky_48/LeakyRelu,14.143780529999999,0.29746892389345175
88,ADD,659,739328.0,0.0296114,-0.006417462,0.04895846,0.0009211212,0.09763443,-101,model_1/add_15/add,24.89677965,0.31085323674433796
89,CONV_2D,663,369664.0,0.029514771,0.0002152057,0.11917539,0.0008712121,0.09875911,-22,model_1/bnorm_50/FusedBatchNormV3;model_1/conv_104/Conv2D;model_1/conv_50/Conv2D,25.18357305,0.298871691686807
90,LEAKY_RELU,667,369664.0,0.018256472,-0.005454911,0.03690609,0.00036313175,0.06168157,-111,model_1/leaky_50/LeakyRelu,15.72880035,0.3089418137444395
91,CONV_2D,671,739328.0,0.03090052,0.0008236376,0.13464248,0.0009555481,0.10442059,-7,model_1/bnorm_51/FusedBatchNormV3;model_1/conv_92/Conv2D;model_1/conv_51/Conv2D,26.62725045,0.29603300516145736
92,LEAKY_RELU,675,739328.0,0.01700847,-0.0061490447,0.03622678,0.0003271075,0.059713613,-107,model_1/leaky_51/LeakyRelu,15.226971315,0.30288091021334423
93,ADD,679,739328.0,0.030566908,0.0009859375,0.05636353,0.0009355107,0.102591544,-101,model_1/add_16/add,26.160843720000003,0.29813489697357604
94,CONV_2D,683,369664.0,0.02776177,7.791705e-05,0.10463649,0.0007707547,0.092881255,5,model_1/bnorm_53/FusedBatchNormV3;model_1/conv_104/Conv2D;model_1/conv_53/Conv2D,23.684720024999997,0.29890282243259764
95,LEAKY_RELU,687,369664.0,0.014751091,-0.005678027,0.030802622,0.00024984087,0.049379088,-103,model_1/leaky_53/LeakyRelu,12.59166744,0.3201022134589258
96,CONV_2D,691,739328.0,0.07445225,0.000454308,0.2101505,0.005543368,0.2553149,21,model_1/bnorm_54/FusedBatchNormV3;model_1/conv_92/Conv2D;model_1/conv_54/Conv2D,65.1052995,0.2916155608389617
97,LEAKY_RELU,695,739328.0,0.034887727,-0.01975611,0.07025326,0.0016084099,0.12122571,-97,model_1/leaky_54/LeakyRelu,30.91255605,0.3308290458708385
98,ADD,699,739328.0,0.03852354,0.002929698,0.06619711,0.0014929915,0.13245608,-91,model_1/add_17/add,33.776300400000004,0.2917136622274472
99,CONV_2D,703,369664.0,0.029755207,0.00028043016,0.13334417,0.0008855011,0.09930326,-1,model_1/bnorm_56/FusedBatchNormV3;model_1/conv_104/Conv2D;model_1/conv_56/Conv2D,25.322331300000002,0.2996615671585669
100,LEAKY_RELU,707,369664.0,0.016091106,-0.0033000729,0.03351891,0.00026992813,0.054926578,-105,model_1/leaky_56/LeakyRelu,14.00627739,0.2991172988265759
101,CONV_2D,711,739328.0,0.041326705,-0.0005223117,0.14237358,0.0017081901,0.1414455,6,model_1/bnorm_57/FusedBatchNormV3;model_1/conv_92/Conv2D;model_1/conv_57/Conv2D,36.0686025,0.2921991613130173
102,LEAKY_RELU,715,739328.0,0.021267466,-0.0101041505,0.046440817,0.00055444,0.07472987,-103,model_1/leaky_57/LeakyRelu,19.056116850000002,0.3150888612690387
103,ADD,719,739328.0,0.035798497,-0.0046194713,0.06735838,0.001303247,0.1246283,-90,model_1/add_18/add,31.780216499999998,0.2896654488726606
104,CONV_2D,723,369664.0,0.029312093,0.00032746786,0.12666997,0.0008593341,0.09866421,-11,model_1/bnorm_59/FusedBatchNormV3;model_1/conv_104/Conv2D;model_1/conv_59/Conv2D,25.15937355,0.29711281221277946
105,LEAKY_RELU,727,369664.0,0.01710352,-0.0055877445,0.03605014,0.00032402438,0.058059957,-108,model_1/leaky_59/LeakyRelu,14.805289035000001,0.3100360065627155
106,CONV_2D,731,739328.0,0.046343986,0.00020215628,0.19420522,0.0021478757,0.15700692,-7,model_1/bnorm_60/FusedBatchNormV3;model_1/conv_92/Conv2D;model_1/conv_60/Conv2D,40.0367646,0.2951792182178674
107,LEAKY_RELU,735,739328.0,0.026527941,-0.010488388,0.054758925,0.0008141181,0.089818716,-107,model_1/leaky_60/LeakyRelu,22.903772580000002,0.3176704826390238
108,ADD,739,739328.0,0.044730715,-0.0036027583,0.07875115,0.002014283,0.15615034,-95,model_1/add_19/add,39.818336699999996,0.2874202147349944
109,PAD,743,778752.0,0.0,0.0,0.0,0.0,0.15615034,-95,model_1/zero_padding2d_5/Pad,39.818336699999996,0.0
110,CONV_2D,747,369664.0,0.03911637,-3.708406e-05,0.119170405,0.001530103,0.13415612,-9,model_1/bnorm_62/FusedBatchNormV3;model_1/conv_80/Conv2D;model_1/conv_62/Conv2D,34.2098106,0.29157470439879035
111,LEAKY_RELU,751,369664.0,0.022916734,-0.009751855,0.04848623,0.00062030356,0.07758172,-107,model_1/leaky_62/LeakyRelu,19.7833386,0.3210278668934144
112,CONV_2D,755,184832.0,0.048701864,0.00023908158,0.23600858,0.0023720658,0.1663279,-11,model_1/bnorm_63/FusedBatchNormV3;model_1/conv_92/Conv2D;model_1/conv_63/Conv2D,42.4136145,0.2928183315210136
113,LEAKY_RELU,759,184832.0,0.028575232,-0.0035464827,0.059361078,0.0008297527,0.09739116,-108,model_1/leaky_63/LeakyRelu,24.8347458,0.29577046117812755
114,CONV_2D,763,369664.0,0.048980117,0.00010161214,0.21145044,0.0023992783,0.16856804,35,model_1/bnorm_64/FusedBatchNormV3;model_1/conv_80/Conv2D;model_1/conv_64/Conv2D,42.984850200000004,0.29057956942525254
115,LEAKY_RELU,767,369664.0,0.020719849,-0.011802503,0.04387689,0.00056868885,0.071484305,-90,model_1/leaky_64/LeakyRelu,18.228497775,0.33360047283954203
116,ADD,771,369664.0,0.0113376025,-0.005663506,0.04158193,0.00016100434,0.0782487,-95,model_1/add_20/add,19.9534185,0.16215922512776776
117,CONV_2D,775,184832.0,0.047075227,0.0001632204,0.21037893,0.002216177,0.16061191,-5,model_1/bnorm_66/FusedBatchNormV3;model_1/conv_92/Conv2D;model_1/conv_66/Conv2D,40.95603705,0.293105842204183
118,LEAKY_RELU,779,184832.0,0.027208872,-0.0058157183,0.054199263,0.0007747765,0.09071219,-106,model_1/leaky_66/LeakyRelu,23.131608449999998,0.3068474848440849
119,CONV_2D,783,369664.0,0.038270593,0.00018095253,0.15712552,0.001464696,0.1313666,-35,model_1/bnorm_67/FusedBatchNormV3;model_1/conv_80/Conv2D;model_1/conv_67/Conv2D,33.498483,0.2913324009633767
120,LEAKY_RELU,787,369664.0,0.025773376,-0.014535583,0.054712664,0.00087556074,0.08829989,-114,model_1/leaky_67/LeakyRelu,22.516471950000003,0.33510659677377475
121,ADD,791,369664.0,0.030445607,-0.00032943545,0.04631245,0.00093155605,0.09246626,-100,model_1/add_21/add,23.5788963,0.33008151455448953
122,CONV_2D,795,184832.0,0.036672793,-9.3276845e-05,0.12476392,0.0013449459,0.1239421,48,model_1/bnorm_69/FusedBatchNormV3;model_1/conv_92/Conv2D;model_1/conv_69/Conv2D,31.6052355,0.29589222757618683
123,LEAKY_RELU,799,184832.0,0.014960721,-0.010789176,0.03466177,0.00034029613,0.04705594,-82,model_1/leaky_69/LeakyRelu,11.9992647,0.39202526012535305
124,CONV_2D,803,369664.0,0.043880314,0.0007033231,0.14906919,0.0019259978,0.15063438,-28,model_1/bnorm_70/FusedBatchNormV3;model_1/conv_80/Conv2D;model_1/conv_70/Conv2D,38.4117669,0.29134246411847614
125,LEAKY_RELU,807,369664.0,0.03136596,-0.013986352,0.059296183,0.0011795654,0.097433545,-113,model_1/leaky_70/LeakyRelu,24.845553974999998,0.3524946325672465
126,ADD,811,369664.0,0.018702783,-0.009337158,0.049465545,0.0004385631,0.09807838,-101,model_1/add_22/add,25.0099869,0.21352206464633028
127,CONV_2D,815,184832.0,0.03918345,0.00015989789,0.12937805,0.0015354013,0.13307753,41,model_1/bnorm_72/FusedBatchNormV3;model_1/conv_92/Conv2D;model_1/conv_72/Conv2D,33.93477015,0.29444638076568735
128,LEAKY_RELU,819,184832.0,0.015071225,-0.0077748937,0.03323044,0.00028759774,0.053759374,-86,model_1/leaky_72/LeakyRelu,13.70864037,0.3154558107066532
129,CONV_2D,823,369664.0,0.109855615,0.0005247632,0.3320311,0.012068611,0.37922972,1,model_1/bnorm_73/FusedBatchNormV3;model_1/conv_80/Conv2D;model_1/conv_73/Conv2D,96.7035786,0.2896851809930168
130,LEAKY_RELU,827,369664.0,0.060126357,0.0002680493,0.12700544,0.00362456,0.20661978,-104,model_1/leaky_73/LeakyRelu,52.688043900000004,0.29137732496840885
131,ADD,831,369664.0,0.062873445,0.00809795,0.10394506,0.0040215966,0.20045516,-108,model_1/add_23/add,51.1160658,0.31636032457448066
132,CONV_2D,835,184832.0,0.034666896,0.00024062276,0.13514616,0.0012019239,0.11651604,-1,model_1/bnorm_75/FusedBatchNormV3;model_1/conv_92/Conv2D;model_1/conv_75/Conv2D,29.7115902,0.2975450773529463
133,LEAKY_RELU,839,184832.0,0.018838368,-0.0030010454,0.03832432,0.00036401802,0.06439467,-105,model_1/leaky_75/LeakyRelu,16.42064085,0.29628626522681506
134,CONV_2D,843,369664.0,0.031245816,0.00012496216,0.13692166,0.000976407,0.10666964,-18,model_1/bnorm_76/FusedBatchNormV3;model_1/conv_80/Conv2D;model_1/conv_76/Conv2D,27.2007582,0.2929372584453253
135,LEAKY_RELU,847,369664.0,0.01936651,-0.0033782674,0.03984255,0.00038668624,0.06530876,-110,model_1/leaky_76/LeakyRelu,16.653733799999998,0.30109803489328013
136,CONV_2D,851,184832.0,0.029564418,0.00014224922,0.0964932,0.0008740881,0.10134108,5,model_1/bnorm_77/FusedBatchNormV3;model_1/conv_92/Conv2D;model_1/conv_77/Conv2D,25.8419754,0.29173737811081835
137,LEAKY_RELU,855,184832.0,0.016747307,-0.0034316825,0.033418883,0.00029230252,0.05368741,-103,model_1/leaky_77/LeakyRelu,13.69028955,0.31845188697130034
138,CONV_2D,859,369664.0,0.03096128,-6.402307e-05,0.10021829,0.0009586125,0.10629642,-25,model_1/bnorm_78/FusedBatchNormV3;model_1/conv_80/Conv2D;model_1/conv_78/Conv2D,27.1055871,0.2912747954112942
139,LEAKY_RELU,863,369664.0,0.020262634,-0.003521424,0.040809646,0.0004231154,0.067562096,-112,model_1/leaky_78/LeakyRelu,17.22833448,0.30445723708586586
140,CONV_2D,867,184832.0,0.03223715,0.000121236146,0.096934356,0.0010392581,0.11101321,-13,model_1/bnorm_79/FusedBatchNormV3;model_1/conv_92/Conv2D;model_1/conv_79/Conv2D,28.30836855,0.2903936051381753
141,LEAKY_RELU,871,184832.0,0.018901415,-0.0013007009,0.041020323,0.00035899205,0.06576163,-109,model_1/leaky_79/LeakyRelu,16.76921565,0.2881176383228167
142,CONV_2D,875,369664.0,0.02974625,-3.5431656e-06,0.12984459,0.0008848606,0.10024386,-4,model_1/bnorm_80/FusedBatchNormV3;model_1/conv_80/Conv2D,25.562184300000002,0.29674242920363236
143,LEAKY_RELU,879,369664.0,0.016778437,-0.0005759104,0.034911275,0.00028196393,0.056541312,-106,model_1/leaky_80/LeakyRelu,14.41803456,0.29698252528666197
144,CONV_2D,883,92055.0,0.061123554,4.1436033e-05,0.22439153,0.003736271,0.20934862,63,StatefulPartitionedCall:1,53.3838981,0.29197729589650195
145,CONV_2D,887,92416.0,0.037431248,0.00031046613,0.09928176,0.0014012188,0.12843563,-42,model_1/bnorm_84/FusedBatchNormV3;model_1/conv_104/Conv2D;model_1/conv_84/Conv2D,32.75108565,0.291452280217228
146,LEAKY_RELU,891,92416.0,0.044249166,0.00378394,0.08313788,0.0019726804,0.15615034,-95,model_1/leaky_84/LeakyRelu,39.818336699999996,0.2844365685041664
147,RESIZE_NEAREST_NEIGHBOR,898,369664.0,0.0,0.0,0.0,0.0,0.15615034,-95,model_1/up_sampling2d_1/resize/ResizeNearestNeighbor,39.818336699999996,0.0
148,CONCATENATION,902,1108992.0,0.0,0.0,0.0,0.0,0.15615034,-95,model_1/concatenate_1/concat,39.818336699999996,0.0
149,CONV_2D,906,369664.0,0.032226972,8.463197e-05,0.106037475,0.0010386012,0.10952567,-33,model_1/bnorm_87/FusedBatchNormV3;model_1/conv_104/Conv2D;model_1/conv_87/Conv2D,27.92904585,0.29424459327690106
150,LEAKY_RELU,910,369664.0,0.023415815,0.0025178378,0.043397356,0.0005549482,0.07287942,-114,model_1/leaky_87/LeakyRelu,18.5842521,0.3232371849193288
151,CONV_2D,914,739328.0,0.041776773,0.0001729163,0.11260279,0.0017453354,0.14395308,-14,model_1/bnorm_88/FusedBatchNormV3;model_1/conv_92/Conv2D;model_1/conv_88/Conv2D,36.7080354,0.29021408566898277
152,LEAKY_RELU,918,739328.0,0.024897873,-0.0032843973,0.04376235,0.000630756,0.08603024,-109,model_1/leaky_88/LeakyRelu,21.9377112,0.29193056024537983
153,CONV_2D,922,369664.0,0.0511201,6.309394e-05,0.12885033,0.0026132795,0.17673834,6,model_1/bnorm_89/FusedBatchNormV3;model_1/conv_104/Conv2D;model_1/conv_89/Conv2D,45.0682767,0.2892425350390469
154,LEAKY_RELU,926,369664.0,0.028675746,-0.00489362,0.05789402,0.00084732263,0.093242005,-103,model_1/leaky_89/LeakyRelu,23.776711275,0.31218555138295545
155,CONV_2D,930,739328.0,0.048774406,-6.303231e-05,0.15182114,0.0023789527,0.16843599,-8,model_1/bnorm_90/FusedBatchNormV3;model_1/conv_92/Conv2D;model_1/conv_90/Conv2D,42.95117745,0.2895729630645208
156,LEAKY_RELU,934,739328.0,0.028460553,-0.0029640861,0.059002087,0.0008190583,0.09686131,-107,model_1/leaky_90/LeakyRelu,24.69963405,0.29546569840749853
157,CONV_2D,938,369664.0,0.045995247,0.0001379958,0.12252543,0.002115593,0.15885806,1,model_1/bnorm_91/FusedBatchNormV3;model_1/conv_104/Conv2D;model_1/conv_91/Conv2D,40.5088053,0.28953882399298925
158,LEAKY_RELU,942,369664.0,0.0237836,0.0074682315,0.052640997,0.000621962,0.086333156,-104,model_1/leaky_91/LeakyRelu,22.01495478,0.2888712418256903
159,CONV_2D,946,739328.0,0.03578629,-2.7867574e-05,0.15962745,0.0012806876,0.12043004,-22,model_1/bnorm_92/FusedBatchNormV3;model_1/conv_92/Conv2D,30.709660200000002,0.2971575518197149
160,LEAKY_RELU,950,739328.0,0.021944698,-0.00242507,0.04496093,0.00048749548,0.07520201,-111,model_1/leaky_92/LeakyRelu,19.176512549999998,0.2935998626597676
161,CONV_2D,954,368220.0,0.061535653,-0.0011146554,0.2226493,0.0037879206,0.21031195,64,StatefulPartitionedCall:2,53.62954725,0.2926418835068929
162,CONV_2D,958,184832.0,0.056199353,0.00036383694,0.1498959,0.0031585349,0.19303155,-31,model_1/bnorm_96/FusedBatchNormV3;model_1/conv_103/Conv2D;model_1/conv_96/Conv2D,49.22304525,0.2911484899733117
163,LEAKY_RELU,962,184832.0,0.045905855,-0.0107961,0.09868948,0.002225246,0.18415271,-103,model_1/leaky_96/LeakyRelu,46.95894105,0.2561597555800114
164,RESIZE_NEAREST_NEIGHBOR,969,739328.0,0.0,0.0,0.0,0.0,0.18415271,-103,model_1/up_sampling2d_2/resize/ResizeNearestNeighbor,46.95894105,0.0
165,CONCATENATION,973,2217984.0,0.0,0.0,0.0,0.0,0.18415271,-103,model_1/concatenate_2/concat,46.95894105,0.0
166,CONV_2D,977,739328.0,0.04236359,-0.0005425763,0.12376793,0.0017949863,0.14427102,6,model_1/bnorm_99/FusedBatchNormV3;model_1/conv_103/Conv2D;model_1/conv_99/Conv2D,36.7891101,0.29366451174712754
167,LEAKY_RELU,981,739328.0,0.023564802,-0.004733065,0.047092527,0.000577858,0.07594423,-103,model_1/leaky_99/LeakyRelu,19.36577865,0.3165306589883609
168,CONV_2D,985,1478656.0,0.04045663,-0.0001636001,0.13342899,0.0016367749,0.13843387,-8,model_1/bnorm_100/FusedBatchNormV3;model_1/conv_104/Conv2D;model_1/conv_100/Conv2D,35.30063685,0.29224838388924573
169,LEAKY_RELU,989,1478656.0,0.023657583,-0.0056743734,0.049631204,0.00059203384,0.07979652,-107,model_1/leaky_100/LeakyRelu,20.3481126,0.304922389083781
170,CONV_2D,993,739328.0,0.04185723,0.00012745919,0.1265379,0.0017520571,0.14399873,9,model_1/bnorm_101/FusedBatchNormV3;model_1/conv_103/Conv2D;model_1/conv_101/Conv2D,36.71967615,0.29068021053546195
171,LEAKY_RELU,997,739328.0,0.022492714,-0.0014361308,0.04625368,0.0005081061,0.07453228,-102,model_1/leaky_101/LeakyRelu,19.005731400000002,0.3024355209504557
172,CONV_2D,1001,1478656.0,0.042055875,5.526817e-05,0.14576632,0.0017687079,0.14455467,9,model_1/bnorm_102/FusedBatchNormV3;model_1/conv_104/Conv2D;model_1/conv_102/Conv2D,36.86144085,0.29093497348184105
173,LEAKY_RELU,1005,1478656.0,0.022073701,-0.00086798857,0.045674965,0.00048811242,0.07458038,-101,model_1/leaky_102/LeakyRelu,19.0179969,0.2962342964059734
174,CONV_2D,1009,739328.0,0.038713474,0.00028524184,0.11647766,0.0014988267,0.13302028,6,model_1/bnorm_103/FusedBatchNormV3;model_1/conv_103/Conv2D,33.9201714,0.29104346540997933
175,LEAKY_RELU,1013,739328.0,0.022138987,-0.00011800498,0.04339564,0.00049030344,0.06999972,-102,model_1/leaky_103/LeakyRelu,17.849928600000002,0.31632693061266137
176,CONV_2D,1017,1478656.0,0.04763122,0.0006306905,0.17752825,0.0022691712,0.1612013,-13,model_1/bnorm_104/FusedBatchNormV3;model_1/conv_104/Conv2D,41.106331499999996,0.29550517555555383
177,LEAKY_RELU,1021,1478656.0,0.027299814,-0.004341195,0.05947131,0.0007641352,0.09588591,-109,model_1/leaky_104/LeakyRelu,24.45090705,0.2882904849747678
178,CONV_2D,1025,1472880.0,0.087299794,0.0005705064,0.29092836,0.0076216357,0.297546,57,StatefulPartitionedCall:0,75.87423,0.29340666630278656
